ANO_CONVO_INT,NME_AREA_PR,n_femenino,n_masculino,n_total,pct_femenino
2013,"AGRICULTURA, SILVICULTURA Y PESCA",60,168,228,0.2632
2013,ARTE,49,62,111,0.4414
2013,BIOTECNOLOGÍA AGRÍCOLA,1,3,4,0.25
2013,BIOTECNOLOGÍA AMBIENTAL,0,1,1,0.0
2013,BIOTECNOLOGÍA EN SALUD,1,3,4,0.25
2013,BIOTECNOLOGÍA INDUSTRIAL,1,1,2,0.5
2013,CIENCIAS ANIMALES Y LECHERÍA,15,46,61,0.2459
2013,CIENCIAS BIOLÓGICAS,420,520,940,0.4468
2013,CIENCIAS DE LA EDUCACIÓN,255,245,500,0.51
2013,CIENCIAS DE LA SALUD,207,129,336,0.6161
2013,CIENCIAS DE LA TIERRA Y MEDIOAMBIENTALES,29,80,109,0.2661
2013,CIENCIAS FÍSICAS,42,265,307,0.1368
2013,CIENCIAS POLÍTICAS,45,108,153,0.2941
2013,CIENCIAS QUÍMICAS,91,220,311,0.2926
2013,CIENCIAS VETERINARIAS,32,82,114,0.2807
2013,COMPUTACIÓN Y CIENCIAS DE LA INFORMACIÓN,45,145,190,0.2368
2013,DERECHO,104,192,296,0.3514
2013,ECONOMÍA Y NEGOCIOS,152,364,516,0.2946
2013,GEOGRAFÍA SOCIAL Y ECONÓMICA,11,30,41,0.2683
2013,HISTORIA Y ARQUEOLOGÍA,53,130,183,0.2896
2013,IDIOMAS Y LITERATURA,73,76,149,0.4899
2013,INGENIERÍA AMBIENTAL,19,61,80,0.2375
2013,INGENIERÍA CIVIL,28,125,153,0.183
2013,INGENIERÍA DE LOS MATERIALES,21,63,84,0.25
2013,INGENIERÍA MECÁNICA,5,142,147,0.034
2013,INGENIERÍA MÉDICA,13,38,51,0.2549
2013,INGENIERÍA QUÍMICA,61,127,188,0.3245
2013,"INGENIERÍAS ELÉCTRICA, ELECTRÓNICA E INFORMÁTICA",39,272,311,0.1254
2013,MATEMÁTICA,39,171,210,0.1857
2013,MEDICINA BÁSICA,37,42,79,0.4684
2013,MEDICINA CLÍNICA,116,247,363,0.3196
2013,NANOTECNOLOGÍA,1,4,5,0.2
2013,NO REGISTRA,200,427,627,0.319
2013,OTRAS CIENCIAS AGRÍCOLAS,3,3,6,0.5
2013,OTRAS CIENCIAS MÉDICAS,12,5,17,0.7059
2013,OTRAS CIENCIAS NATURALES,6,7,13,0.4615
2013,OTRAS CIENCIAS SOCIALES,18,18,36,0.5
2013,OTRAS HUMANIDADES,61,196,257,0.2374
2013,OTRAS INGENIERÍAS Y TECNOLOGÍAS,75,159,234,0.3205
2013,PERIODISMO Y COMUNICACIONES,36,61,97,0.3711
2013,PSICOLOGÍA,137,124,261,0.5249
2013,SOCIOLOGÍA,103,138,241,0.4274
2014,"AGRICULTURA, SILVICULTURA Y PESCA",57,154,211,0.2701
2014,ARTE,44,66,110,0.4
2014,BIOTECNOLOGÍA AGRÍCOLA,11,8,19,0.5789
2014,BIOTECNOLOGÍA AMBIENTAL,3,3,6,0.5
2014,BIOTECNOLOGÍA EN SALUD,14,18,32,0.4375
2014,BIOTECNOLOGÍA INDUSTRIAL,12,8,20,0.6
2014,CIENCIAS ANIMALES Y LECHERÍA,20,53,73,0.274
2014,CIENCIAS BIOLÓGICAS,467,550,1017,0.4592
2014,CIENCIAS DE LA EDUCACIÓN,235,234,469,0.5011
2014,CIENCIAS DE LA SALUD,386,238,624,0.6186
2014,CIENCIAS DE LA TIERRA Y MEDIOAMBIENTALES,39,113,152,0.2566
2014,CIENCIAS FÍSICAS,48,265,313,0.1534
2014,CIENCIAS POLÍTICAS,47,88,135,0.3481
2014,CIENCIAS QUÍMICAS,102,232,334,0.3054
2014,CIENCIAS VETERINARIAS,32,82,114,0.2807
2014,COMPUTACIÓN Y CIENCIAS DE LA INFORMACIÓN,49,172,221,0.2217
2014,DERECHO,88,138,226,0.3894
2014,ECONOMÍA Y NEGOCIOS,151,373,524,0.2882
2014,GEOGRAFÍA SOCIAL Y ECONÓMICA,16,29,45,0.3556
2014,HISTORIA Y ARQUEOLOGÍA,32,83,115,0.2783
2014,IDIOMAS Y LITERATURA,52,42,94,0.5532
2014,INGENIERÍA AMBIENTAL,30,87,117,0.2564
2014,INGENIERÍA CIVIL,23,122,145,0.1586
2014,INGENIERÍA DE LOS MATERIALES,21,59,80,0.2625
2014,INGENIERÍA MECÁNICA,14,146,160,0.0875
2014,INGENIERÍA MÉDICA,15,38,53,0.283
2014,INGENIERÍA QUÍMICA,58,141,199,0.2915
2014,"INGENIERÍAS ELÉCTRICA, ELECTRÓNICA E INFORMÁTICA",56,387,443,0.1264
2014,MATEMÁTICA,50,197,247,0.2024
2014,MEDICINA BÁSICA,78,102,180,0.4333
2014,MEDICINA CLÍNICA,186,350,536,0.347
2014,NANOTECNOLOGÍA,10,18,28,0.3571
2014,NO REGISTRA,26,91,117,0.2222
2014,OTRAS CIENCIAS AGRÍCOLAS,7,5,12,0.5833
2014,OTRAS CIENCIAS MÉDICAS,18,12,30,0.6
2014,OTRAS CIENCIAS NATURALES,5,9,14,0.3571
2014,OTRAS CIENCIAS SOCIALES,48,48,96,0.5
2014,OTRAS HISTORIAS,1,3,4,0.25
2014,OTRAS HUMANIDADES,28,132,160,0.175
2014,OTRAS INGENIERÍAS Y TECNOLOGÍAS,102,193,295,0.3458
2014,PERIODISMO Y COMUNICACIONES,38,56,94,0.4043
2014,PSICOLOGÍA,139,107,246,0.565
2014,SOCIOLOGÍA,76,94,170,0.4471
2015,"AGRICULTURA, SILVICULTURA Y PESCA",66,186,252,0.2619
2015,ARTE,68,115,183,0.3716
2015,BIOTECNOLOGÍA AGRÍCOLA,16,10,26,0.6154
2015,BIOTECNOLOGÍA AMBIENTAL,7,6,13,0.5385
2015,BIOTECNOLOGÍA EN SALUD,16,23,39,0.4103
2015,BIOTECNOLOGÍA INDUSTRIAL,16,20,36,0.4444
2015,CIENCIAS ANIMALES Y LECHERÍA,24,60,84,0.2857
2015,CIENCIAS BIOLÓGICAS,529,616,1145,0.462
2015,CIENCIAS DE LA EDUCACIÓN,301,315,616,0.4886
2015,CIENCIAS DE LA SALUD,429,288,717,0.5983
2015,CIENCIAS DE LA TIERRA Y MEDIOAMBIENTALES,53,146,199,0.2663
2015,CIENCIAS FÍSICAS,48,309,357,0.1345
2015,CIENCIAS POLÍTICAS,60,108,168,0.3571
2015,CIENCIAS QUÍMICAS,112,270,382,0.2932
2015,CIENCIAS VETERINARIAS,35,93,128,0.2734
2015,COMPUTACIÓN Y CIENCIAS DE LA INFORMACIÓN,60,177,237,0.2532
2015,DERECHO,123,202,325,0.3785
2015,ECONOMÍA Y NEGOCIOS,214,501,715,0.2993
2015,GEOGRAFÍA SOCIAL Y ECONÓMICA,24,37,61,0.3934
2015,HISTORIA Y ARQUEOLOGÍA,36,97,133,0.2707
2015,IDIOMAS Y LITERATURA,56,57,113,0.4956
2015,INGENIERÍA AMBIENTAL,35,94,129,0.2713
2015,INGENIERÍA CIVIL,26,138,164,0.1585
2015,INGENIERÍA DE LOS MATERIALES,24,69,93,0.2581
2015,INGENIERÍA MECÁNICA,20,164,184,0.1087
2015,INGENIERÍA MÉDICA,16,49,65,0.2462
2015,INGENIERÍA QUÍMICA,65,160,225,0.2889
2015,"INGENIERÍAS ELÉCTRICA, ELECTRÓNICA E INFORMÁTICA",81,496,577,0.1404
2015,MATEMÁTICA,69,245,314,0.2197
2015,MEDICINA BÁSICA,102,133,235,0.434
2015,MEDICINA CLÍNICA,208,425,633,0.3286
2015,NANOTECNOLOGÍA,14,24,38,0.3684
2015,OTRAS CIENCIAS AGRÍCOLAS,14,10,24,0.5833
2015,OTRAS CIENCIAS MÉDICAS,25,18,43,0.5814
2015,OTRAS CIENCIAS NATURALES,4,8,12,0.3333
2015,OTRAS CIENCIAS SOCIALES,69,77,146,0.4726
2015,OTRAS HISTORIAS,4,4,8,0.5
2015,OTRAS HUMANIDADES,40,169,209,0.1914
2015,OTRAS INGENIERÍAS Y TECNOLOGÍAS,144,252,396,0.3636
2015,PERIODISMO Y COMUNICACIONES,50,78,128,0.3906
2015,PSICOLOGÍA,167,134,301,0.5548
2015,SOCIOLOGÍA,95,102,197,0.4822
2017,"AGRICULTURA, SILVICULTURA Y PESCA",84,219,303,0.2772
2017,ARTE,119,203,322,0.3696
2017,BIOTECNOLOGÍA AGRÍCOLA,21,10,31,0.6774
2017,BIOTECNOLOGÍA AMBIENTAL,10,8,18,0.5556
2017,BIOTECNOLOGÍA EN SALUD,28,30,58,0.4828
2017,BIOTECNOLOGÍA INDUSTRIAL,21,24,45,0.4667
2017,CIENCIAS ANIMALES Y LECHERÍA,27,73,100,0.27
2017,CIENCIAS BIOLÓGICAS,610,679,1289,0.4732
2017,CIENCIAS DE LA EDUCACIÓN,433,433,866,0.5
2017,CIENCIAS DE LA SALUD,581,355,936,0.6207
2017,CIENCIAS DE LA TIERRA Y MEDIOAMBIENTALES,73,167,240,0.3042
2017,CIENCIAS FÍSICAS,56,340,396,0.1414
2017,CIENCIAS POLÍTICAS,87,157,244,0.3566
2017,CIENCIAS QUÍMICAS,129,277,406,0.3177
2017,CIENCIAS VETERINARIAS,52,102,154,0.3377
2017,COMPUTACIÓN Y CIENCIAS DE LA INFORMACIÓN,74,230,304,0.2434
2017,DERECHO,199,317,516,0.3857
2017,ECONOMÍA Y NEGOCIOS,339,677,1016,0.3337
2017,GEOGRAFÍA SOCIAL Y ECONÓMICA,29,51,80,0.3625
2017,HISTORIA Y ARQUEOLOGÍA,37,98,135,0.2741
2017,IDIOMAS Y LITERATURA,82,84,166,0.494
2017,INGENIERÍA AMBIENTAL,46,102,148,0.3108
2017,INGENIERÍA CIVIL,37,168,205,0.1805
2017,INGENIERÍA DE LOS MATERIALES,36,76,112,0.3214
2017,INGENIERÍA MECÁNICA,25,226,251,0.0996
2017,INGENIERÍA MÉDICA,21,47,68,0.3088
2017,INGENIERÍA QUÍMICA,88,181,269,0.3271
2017,"INGENIERÍAS ELÉCTRICA, ELECTRÓNICA E INFORMÁTICA",124,661,785,0.158
2017,MATEMÁTICA,87,289,376,0.2314
2017,MEDICINA BÁSICA,127,151,278,0.4568
2017,MEDICINA CLÍNICA,240,524,764,0.3141
2017,NANOTECNOLOGÍA,16,36,52,0.3077
2017,OTRAS CIENCIAS AGRÍCOLAS,21,15,36,0.5833
2017,OTRAS CIENCIAS MÉDICAS,32,25,57,0.5614
2017,OTRAS CIENCIAS NATURALES,7,11,18,0.3889
2017,OTRAS CIENCIAS SOCIALES,113,110,223,0.5067
2017,OTRAS HISTORIAS,2,4,6,0.3333
2017,OTRAS HUMANIDADES,59,216,275,0.2145
2017,OTRAS INGENIERÍAS Y TECNOLOGÍAS,229,356,585,0.3915
2017,PERIODISMO Y COMUNICACIONES,69,104,173,0.3988
2017,PSICOLOGÍA,247,173,420,0.5881
2017,SOCIOLOGÍA,141,134,275,0.5127
2019,"AGRICULTURA, SILVICULTURA Y PESCA",95,227,322,0.295
2019,ARTE,176,287,463,0.3801
2019,BIOTECNOLOGÍA AGRÍCOLA,28,17,45,0.6222
2019,BIOTECNOLOGÍA AMBIENTAL,10,10,20,0.5
2019,BIOTECNOLOGÍA EN SALUD,31,38,69,0.4493
2019,BIOTECNOLOGÍA INDUSTRIAL,26,32,58,0.4483
2019,CIENCIAS ANIMALES Y LECHERÍA,35,81,116,0.3017
2019,CIENCIAS BIOLÓGICAS,734,830,1564,0.4693
2019,CIENCIAS DE LA EDUCACIÓN,608,570,1178,0.5161
2019,CIENCIAS DE LA SALUD,728,445,1173,0.6206
2019,CIENCIAS DE LA TIERRA Y MEDIOAMBIENTALES,100,216,316,0.3165
2019,CIENCIAS FÍSICAS,65,376,441,0.1474
2019,CIENCIAS POLÍTICAS,116,195,311,0.373
2019,CIENCIAS QUÍMICAS,170,308,478,0.3556
2019,CIENCIAS VETERINARIAS,68,116,184,0.3696
2019,COMPUTACIÓN Y CIENCIAS DE LA INFORMACIÓN,91,270,361,0.2521
2019,DERECHO,289,469,758,0.3813
2019,ECONOMÍA Y NEGOCIOS,474,883,1357,0.3493
2019,GEOGRAFÍA SOCIAL Y ECONÓMICA,42,68,110,0.3818
2019,HISTORIA Y ARQUEOLOGÍA,39,116,155,0.2516
2019,IDIOMAS Y LITERATURA,109,132,241,0.4523
2019,INGENIERÍA AMBIENTAL,67,137,204,0.3284
2019,INGENIERÍA CIVIL,47,197,244,0.1926
2019,INGENIERÍA DE LOS MATERIALES,44,95,139,0.3165
2019,INGENIERÍA MECÁNICA,29,291,320,0.0906
2019,INGENIERÍA MÉDICA,20,51,71,0.2817
2019,INGENIERÍA QUÍMICA,103,214,317,0.3249
2019,"INGENIERÍAS ELÉCTRICA, ELECTRÓNICA E INFORMÁTICA",165,877,1042,0.1583
2019,MATEMÁTICA,103,330,433,0.2379
2019,MEDICINA BÁSICA,138,192,330,0.4182
2019,MEDICINA CLÍNICA,318,630,948,0.3354
2019,NANOTECNOLOGÍA,24,44,68,0.3529
2019,NO REGISTRA,41,64,105,0.3905
2019,OTRAS CIENCIAS AGRÍCOLAS,30,19,49,0.6122
2019,OTRAS CIENCIAS MÉDICAS,52,32,84,0.619
2019,OTRAS CIENCIAS NATURALES,13,13,26,0.5
2019,OTRAS CIENCIAS SOCIALES,179,158,337,0.5312
2019,OTRAS HISTORIAS,3,8,11,0.2727
2019,OTRAS HUMANIDADES,93,285,378,0.246
2019,OTRAS INGENIERÍAS Y TECNOLOGÍAS,325,497,822,0.3954
2019,PERIODISMO Y COMUNICACIONES,94,141,235,0.4
2019,PSICOLOGÍA,332,245,577,0.5754
2019,SOCIOLOGÍA,157,179,336,0.4673
2021,"AGRICULTURA, SILVICULTURA Y PESCA",125,312,437,0.286
2021,ARTE,242,348,590,0.4102
2021,BIOTECNOLOGÍA AGRÍCOLA,34,22,56,0.6071
2021,BIOTECNOLOGÍA AMBIENTAL,17,17,34,0.5
2021,BIOTECNOLOGÍA EN SALUD,47,46,93,0.5054
2021,BIOTECNOLOGÍA INDUSTRIAL,33,42,75,0.44
2021,CIENCIAS ANIMALES Y LECHERÍA,50,86,136,0.3676
2021,CIENCIAS BIOLÓGICAS,892,981,1873,0.4762
2021,CIENCIAS DE LA EDUCACIÓN,737,659,1396,0.5279
2021,CIENCIAS DE LA SALUD,976,567,1543,0.6325
2021,CIENCIAS DE LA TIERRA Y MEDIOAMBIENTALES,143,279,422,0.3389
2021,CIENCIAS FÍSICAS,81,431,512,0.1582
2021,CIENCIAS POLÍTICAS,128,208,336,0.381
2021,CIENCIAS QUÍMICAS,207,375,582,0.3557
2021,CIENCIAS VETERINARIAS,82,145,227,0.3612
2021,COMPUTACIÓN Y CIENCIAS DE LA INFORMACIÓN,109,325,434,0.2512
2021,DERECHO,346,499,845,0.4095
2021,ECONOMÍA Y NEGOCIOS,603,1100,1703,0.3541
2021,GEOGRAFÍA SOCIAL Y ECONÓMICA,58,82,140,0.4143
2021,HISTORIA Y ARQUEOLOGÍA,64,129,193,0.3316
2021,IDIOMAS Y LITERATURA,137,138,275,0.4982
2021,INGENIERÍA AMBIENTAL,95,194,289,0.3287
2021,INGENIERÍA CIVIL,68,268,336,0.2024
2021,INGENIERÍA DE LOS MATERIALES,65,125,190,0.3421
2021,INGENIERÍA MECÁNICA,47,388,435,0.108
2021,INGENIERÍA MÉDICA,34,66,100,0.34
2021,INGENIERÍA QUÍMICA,142,249,391,0.3632
2021,"INGENIERÍAS ELÉCTRICA, ELECTRÓNICA E INFORMÁTICA",219,1168,1387,0.1579
2021,MATEMÁTICA,128,417,545,0.2349
2021,MEDICINA BÁSICA,184,226,410,0.4488
2021,MEDICINA CLÍNICA,444,810,1254,0.3541
2021,NANOTECNOLOGÍA,31,53,84,0.369
2021,NO REGISTRA,122,138,260,0.4692
2021,OTRAS CIENCIAS AGRÍCOLAS,31,33,64,0.4844
2021,OTRAS CIENCIAS MÉDICAS,98,43,141,0.695
2021,OTRAS CIENCIAS NATURALES,18,18,36,0.5
2021,OTRAS CIENCIAS SOCIALES,230,211,441,0.5215
2021,OTRAS HISTORIAS,6,8,14,0.4286
2021,OTRAS HUMANIDADES,120,291,411,0.292
2021,OTRAS INGENIERÍAS Y TECNOLOGÍAS,411,651,1062,0.387
2021,PERIODISMO Y COMUNICACIONES,97,163,260,0.3731
2021,PSICOLOGÍA,422,290,712,0.5927
2021,SOCIOLOGÍA,175,186,361,0.4848
