DPTO_RESIDENCIA,DPTO_INSTITUCION,n_investigadores
ANTIOQUIA,BOGOTA,242
VALLE DEL CAUCA,BOGOTA,236
EXTERIOR,BOGOTA,180
BOGOTA,CUNDINAMARCA,168
ATLANTICO,BOGOTA,165
CUNDINAMARCA,BOGOTA,152
BOGOTA,ANTIOQUIA,121
RISARALDA,BOGOTA,101
SANTANDER,BOGOTA,98
BOYACA,BOGOTA,78
ANTIOQUIA,ATLANTICO,77
NORTE DE SANTANDER,BOGOTA,65
BOGOTA,BOYACA,57
BOGOTA,VALLE DEL CAUCA,57
BOLIVAR,BOGOTA,56
CALDAS,BOGOTA,54
BOGOTA,SANTANDER,52
SANTANDER,ANTIOQUIA,52
HUILA,BOGOTA,50
TOLIMA,BOGOTA,48
BOGOTA,ATLANTICO,47
NO DISPONIBLE,BOGOTA,43
VALLE DEL CAUCA,ANTIOQUIA,39
EXTERIOR,ANTIOQUIA,39
TOLIMA,ANTIOQUIA,38
MAGDALENA,ANTIOQUIA,37
BOGOTA,CALDAS,36
META,BOGOTA,35
CESAR,BOGOTA,35
ANTIOQUIA,CUNDINAMARCA,35
NARINO,ANTIOQUIA,32
ANTIOQUIA,CALDAS,32
CORDOBA,CUNDINAMARCA,31
EXTERIOR,VALLE DEL CAUCA,30
NORTE DE SANTANDER,ATLANTICO,30
EXTERIOR,ATLANTICO,30
MAGDALENA,BOGOTA,30
ANTIOQUIA,VALLE DEL CAUCA,29
META,CUNDINAMARCA,27
CAUCA,BOGOTA,26
ATLANTICO,BOLIVAR,26
BOGOTA,AMAZONAS,26
CORDOBA,ANTIOQUIA,26
NARINO,BOGOTA,25
EXTERIOR,EXTRANJERO,25
META,ANTIOQUIA,24
BOGOTA,BOLIVAR,24
BOGOTA,MAGDALENA,21
RISARALDA,ANTIOQUIA,20
CALDAS,ANTIOQUIA,20
BOGOTA,TOLIMA,19
CORDOBA,BOGOTA,19
ATLANTICO,ANTIOQUIA,19
NORTE DE SANTANDER,SANTANDER,18
VALLE DEL CAUCA,CUNDINAMARCA,16
NARINO,CUNDINAMARCA,16
BOGOTA,META,16
EXTERIOR,SANTANDER,16
BOGOTA,NORTE DE SANTANDER,15
EXTERIOR,CUNDINAMARCA,15
VALLE DEL CAUCA,SANTANDER,14
BOGOTA,CORDOBA,14
EXTERIOR,BOLIVAR,13
TOLIMA,CUNDINAMARCA,13
CALDAS,RISARALDA,12
BOGOTA,EXTRANJERO,12
NO DISPONIBLE,ATLANTICO,12
CORDOBA,ATLANTICO,12
VALLE DEL CAUCA,CAUCA,12
HUILA,ANTIOQUIA,12
ATLANTICO,MAGDALENA,12
EXTERIOR,CALDAS,12
VALLE DEL CAUCA,RISARALDA,11
NO DISPONIBLE,ANTIOQUIA,11
RISARALDA,CALDAS,11
CALDAS,VALLE DEL CAUCA,11
BOLIVAR,ATLANTICO,11
SANTANDER,CUNDINAMARCA,11
EXTERIOR,BOYACA,11
ANTIOQUIA,SANTANDER,11
CAUCA,VALLE DEL CAUCA,10
CESAR,CUNDINAMARCA,10
CAUCA,ANTIOQUIA,10
BOYACA,ANTIOQUIA,10
QUINDIO,BOGOTA,10
NO DISPONIBLE,CAQUETA,10
QUINDIO,ANTIOQUIA,10
MAGDALENA,CUNDINAMARCA,9
CORDOBA,SUCRE,8
CASANARE,SANTANDER,8
BOGOTA,RISARALDA,8
BOLIVAR,VALLE DEL CAUCA,8
BOGOTA,HUILA,8
BOLIVAR,ANTIOQUIA,8
EXTERIOR,TOLIMA,8
ATLANTICO,SUCRE,8
EXTERIOR,NARINO,8
NARINO,VALLE DEL CAUCA,8
NO DISPONIBLE,CUNDINAMARCA,8
BOGOTA,LA GUAJIRA,7
SUCRE,BOGOTA,7
BOGOTA,NARINO,7
BOGOTA,QUINDIO,7
LA GUAJIRA,BOGOTA,7
EXTERIOR,MAGDALENA,7
ANTIOQUIA,TOLIMA,7
MAGDALENA,ATLANTICO,7
ANTIOQUIA,NORTE DE SANTANDER,7
VALLE DEL CAUCA,ATLANTICO,7
CUNDINAMARCA,EXTRANJERO,7
VALLE DEL CAUCA,CALDAS,7
CAQUETA,BOGOTA,7
BOYACA,ATLANTICO,7
SANTANDER,NORTE DE SANTANDER,6
EXTERIOR,CAUCA,6
CALDAS,QUINDIO,6
EXTERIOR,NORTE DE SANTANDER,6
EXTERIOR,SUCRE,6
ANTIOQUIA,BOYACA,6
SANTANDER,VALLE DEL CAUCA,6
CESAR,SANTANDER,6
RISARALDA,VALLE DEL CAUCA,6
BOLIVAR,CORDOBA,6
VALLE DEL CAUCA,QUINDIO,5
EXTERIOR,AMAZONAS,5
CESAR,LA GUAJIRA,5
TOLIMA,ATLANTICO,5
VALLE DEL CAUCA,BOYACA,5
AMAZONAS,BOGOTA,5
EXTERIOR,CAQUETA,5
ATLANTICO,VALLE DEL CAUCA,5
RISARALDA,QUINDIO,5
SANTANDER,BOLIVAR,5
NO DISPONIBLE,BOLIVAR,5
GUAINIA,ATLANTICO,5
SANTANDER,ATLANTICO,5
LA GUAJIRA,ATLANTICO,5
BOYACA,SANTANDER,5
NO DISPONIBLE,SANTANDER,5
CASANARE,BOGOTA,5
SANTANDER,EXTRANJERO,5
QUINDIO,RISARALDA,5
BOLIVAR,SANTANDER,5
VALLE DEL CAUCA,NORTE DE SANTANDER,4
CUNDINAMARCA,CALDAS,4
NO DISPONIBLE,CAUCA,4
QUINDIO,CALDAS,4
SANTANDER,NARINO,4
VALLE DEL CAUCA,MAGDALENA,4
VALLE DEL CAUCA,EXTRANJERO,4
QUINDIO,VALLE DEL CAUCA,4
SAN ANDRES,BOGOTA,4
TOLIMA,CALDAS,4
EXTERIOR,CORDOBA,4
EXTERIOR,QUINDIO,4
NO DISPONIBLE,BOYACA,4
EXTERIOR,CESAR,4
ATLANTICO,SANTANDER,4
ANTIOQUIA,CAUCA,4
BOYACA,NORTE DE SANTANDER,4
BOGOTA,CAUCA,4
ANTIOQUIA,HUILA,4
ANTIOQUIA,RISARALDA,4
CORDOBA,BOLIVAR,4
ANTIOQUIA,CAQUETA,4
ANTIOQUIA,BOLIVAR,4
BOGOTA,CAQUETA,4
CUNDINAMARCA,ANTIOQUIA,3
NORTE DE SANTANDER,ANTIOQUIA,3
LA GUAJIRA,CESAR,3
BOYACA,CUNDINAMARCA,3
ARAUCA,ANTIOQUIA,3
BOLIVAR,NORTE DE SANTANDER,3
TOLIMA,SANTANDER,3
TOLIMA,VALLE DEL CAUCA,3
ANTIOQUIA,QUINDIO,3
ANTIOQUIA,NARINO,3
RISARALDA,SANTANDER,3
ATLANTICO,CESAR,3
ATLANTICO,CALDAS,3
MAGDALENA,LA GUAJIRA,3
SUCRE,ATLANTICO,3
ATLANTICO,CUNDINAMARCA,3
META,VALLE DEL CAUCA,3
CALDAS,TOLIMA,3
NARINO,EXTRANJERO,3
ATLANTICO,LA GUAJIRA,3
CALDAS,CAUCA,3
NO DISPONIBLE,CALDAS,3
SANTANDER,MAGDALENA,3
CAUCA,CALDAS,3
NO DISPONIBLE,VALLE DEL CAUCA,3
CAUCA,TOLIMA,3
CESAR,ANTIOQUIA,3
CUNDINAMARCA,VALLE DEL CAUCA,3
CUNDINAMARCA,TOLIMA,3
CORDOBA,EXTRANJERO,3
VALLE DEL CAUCA,NARINO,3
EXTERIOR,HUILA,3
ANTIOQUIA,EXTRANJERO,3
VALLE DEL CAUCA,TOLIMA,3
CORDOBA,VALLE DEL CAUCA,3
NARINO,SANTANDER,2
CALDAS,SANTANDER,2
CORDOBA,RISARALDA,2
CAUCA,NARINO,2
VALLE DEL CAUCA,SUCRE,2
NARINO,CAUCA,2
NO DISPONIBLE,AMAZONAS,2
SANTANDER,CALDAS,2
CAQUETA,AMAZONAS,2
ATLANTICO,EXTRANJERO,2
CUNDINAMARCA,SANTANDER,2
SANTANDER,BOYACA,2
CALDAS,NORTE DE SANTANDER,2
CALDAS,BOYACA,2
CALDAS,META,2
SANTANDER,CAUCA,2
SANTANDER,CESAR,2
CUNDINAMARCA,ATLANTICO,2
SANTANDER,CORDOBA,2
ATLANTICO,RISARALDA,2
NO DISPONIBLE,NORTE DE SANTANDER,2
NO DISPONIBLE,META,2
NO DISPONIBLE,HUILA,2
CALDAS,CUNDINAMARCA,2
SANTANDER,HUILA,2
NO DISPONIBLE,CORDOBA,2
CUNDINAMARCA,BOLIVAR,2
CALDAS,ATLANTICO,2
CUNDINAMARCA,BOYACA,2
RISARALDA,CUNDINAMARCA,2
SUCRE,CORDOBA,2
CAQUETA,TOLIMA,2
SUCRE,NORTE DE SANTANDER,2
CESAR,MAGDALENA,2
LA GUAJIRA,ANTIOQUIA,2
QUINDIO,CORDOBA,2
BOLIVAR,CUNDINAMARCA,2
HUILA,MAGDALENA,2
BOLIVAR,META,2
RISARALDA,ATLANTICO,2
EXTERIOR,META,2
VALLE DEL CAUCA,AMAZONAS,2
CAUCA,SANTANDER,2
HUILA,ATLANTICO,2
QUINDIO,TOLIMA,2
VALLE DEL CAUCA,BOLIVAR,2
GUAVIARE,AMAZONAS,2
EXTERIOR,RISARALDA,2
CAUCA,EXTRANJERO,2
ANTIOQUIA,CORDOBA,2
CESAR,CORDOBA,2
NORTE DE SANTANDER,VALLE DEL CAUCA,2
CHOCO,VALLE DEL CAUCA,2
ANTIOQUIA,CHOCO,2
RISARALDA,TOLIMA,2
VALLE DEL CAUCA,HUILA,2
TOLIMA,BOYACA,2
CASANARE,BOYACA,2
MAGDALENA,BOYACA,2
BOGOTA,SUCRE,2
SUCRE,SANTANDER,2
ANTIOQUIA,CESAR,2
CHOCO,BOGOTA,2
RISARALDA,CAQUETA,2
ATLANTICO,TOLIMA,1
RISARALDA,NARINO,1
RISARALDA,LA GUAJIRA,1
RISARALDA,EXTRANJERO,1
SANTANDER,CAQUETA,1
BOLIVAR,BOYACA,1
BOLIVAR,CAUCA,1
SUCRE,VALLE DEL CAUCA,1
ATLANTICO,NORTE DE SANTANDER,1
TOLIMA,CHOCO,1
AMAZONAS,NARINO,1
AMAZONAS,VALLE DEL CAUCA,1
VALLE DEL CAUCA,CORDOBA,1
VALLE DEL CAUCA,CAQUETA,1
ANTIOQUIA,LA GUAJIRA,1
ANTIOQUIA,MAGDALENA,1
TOLIMA,NORTE DE SANTANDER,1
TOLIMA,NARINO,1
TOLIMA,MAGDALENA,1
TOLIMA,EXTRANJERO,1
TOLIMA,CORDOBA,1
TOLIMA,CESAR,1
SANTANDER,META,1
TOLIMA,CAQUETA,1
ARAUCA,BOGOTA,1
TOLIMA,BOLIVAR,1
ATLANTICO,BOYACA,1
ATLANTICO,CAUCA,1
SUCRE,CUNDINAMARCA,1
SUCRE,BOLIVAR,1
ATLANTICO,CORDOBA,1
SUCRE,ANTIOQUIA,1
SANTANDER,QUINDIO,1
ATLANTICO,NARINO,1
RISARALDA,CAUCA,1
NO DISPONIBLE,SUCRE,1
BOLIVAR,EXTRANJERO,1
HUILA,BOLIVAR,1
HUILA,CAQUETA,1
HUILA,CAUCA,1
HUILA,CORDOBA,1
HUILA,CUNDINAMARCA,1
CAUCA,BOLIVAR,1
HUILA,SANTANDER,1
HUILA,SUCRE,1
HUILA,TOLIMA,1
CAUCA,ATLANTICO,1
CAUCA,AMAZONAS,1
CASANARE,CUNDINAMARCA,1
LA GUAJIRA,MAGDALENA,1
LA GUAJIRA,NORTE DE SANTANDER,1
CASANARE,CORDOBA,1
CASANARE,CESAR,1
MAGDALENA,CALDAS,1
CASANARE,ANTIOQUIA,1
HUILA,CALDAS,1
CAUCA,CAQUETA,1
RISARALDA,BOYACA,1
GUAVIARE,BOYACA,1
CORDOBA,SANTANDER,1
CUNDINAMARCA,CAUCA,1
CORDOBA,HUILA,1
CUNDINAMARCA,QUINDIO,1
CORDOBA,CESAR,1
CORDOBA,CAUCA,1
CESAR,VALLE DEL CAUCA,1
CESAR,SUCRE,1
CESAR,RISARALDA,1
AMAZONAS,ANTIOQUIA,1
EXTERIOR,CHOCO,1
CESAR,ATLANTICO,1
EXTERIOR,LA GUAJIRA,1
CAUCA,RISARALDA,1
CAUCA,MAGDALENA,1
CAUCA,CORDOBA,1
CAUCA,CESAR,1
MAGDALENA,EXTRANJERO,1
CAQUETA,VALLE DEL CAUCA,1
MAGDALENA,NORTE DE SANTANDER,1
MAGDALENA,QUINDIO,1
BOYACA,QUINDIO,1
NORTE DE SANTANDER,BOLIVAR,1
NORTE DE SANTANDER,BOYACA,1
NORTE DE SANTANDER,CALDAS,1
NORTE DE SANTANDER,CORDOBA,1
NORTE DE SANTANDER,META,1
BOYACA,HUILA,1
BOYACA,EXTRANJERO,1
PUTUMAYO,AMAZONAS,1
PUTUMAYO,BOGOTA,1
BOYACA,CAUCA,1
BOYACA,BOLIVAR,1
QUINDIO,CAUCA,1
QUINDIO,CUNDINAMARCA,1
BOLIVAR,MAGDALENA,1
BOLIVAR,LA GUAJIRA,1
BOLIVAR,HUILA,1
NO DISPONIBLE,TOLIMA,1
BOYACA,RISARALDA,1
NO DISPONIBLE,QUINDIO,1
META,SUCRE,1
MAGDALENA,VALLE DEL CAUCA,1
META,ATLANTICO,1
CAQUETA,RISARALDA,1
META,CAUCA,1
CAQUETA,HUILA,1
CAQUETA,CUNDINAMARCA,1
META,NARINO,1
META,TOLIMA,1
NO DISPONIBLE,MAGDALENA,1
CAQUETA,ANTIOQUIA,1
NARINO,CALDAS,1
NARINO,META,1
CALDAS,EXTRANJERO,1
BOYACA,VALLE DEL CAUCA,1
NO DISPONIBLE,CESAR,1
BOYACA,TOLIMA,1
VICHADA,BOGOTA,1
