inst_a,inst_b,peso
UNIVERSIDAD NACIONAL DE COLOMBIA,UNIVERSIDAD DE ANTIOQUIA,5
UNIVERSIDAD NACIONAL DE COLOMBIA,FUNDACION UNIVERSIDAD DEL NORTE,3
UNIVERSIDAD NACIONAL DE COLOMBIA,UNIVERSIDAD INDUSTRIAL DE SANTANDER,3
UNIVERSIDAD NACIONAL DE COLOMBIA,UNIVERSIDAD DE LOS ANDES,3
UNIVERSIDAD NACIONAL DE COLOMBIA,INSTITUTO NACIONAL DE SALUD,2
UNIVERSIDAD NACIONAL DE COLOMBIA,UNIVERSIDAD DE LOS LLANOS,2
PONTIFICIA UNIVERSIDAD JAVERIANA,UNIVERSIDAD EL BOSQUE,2
UNIVERSIDAD NACIONAL DE COLOMBIA,INSTITUTO DE INVESTIGACION DE RECURSOS BIOLOGICOS ALEXANDER VON HUMBOLDT,2
UNIVERSIDAD NACIONAL DE COLOMBIA,INSTITUTO TECNOLOGICO METROPOLITANO DE MEDELLIN,2
UNIVERSIDAD DE LOS ANDES,PONTIFICIA UNIVERSIDAD JAVERIANA,2
UNIVERSIDAD NACIONAL DE COLOMBIA,UNIVERSIDAD CENTRAL,2
UNIVERSIDAD DE ANTIOQUIA,INSTITUCION PRESTADORA DE SERVICIOS DE SALUD UNIVERSIDAD DE ANTIOQUIA I P S UNIVERSITARIA,2
PONTIFICIA UNIVERSIDAD JAVERIANA,RED IBEROAMERICANA DE INDICADORES DE CIENCIAS Y TECNOLOGIA RICYT,2
UNIVERSIDAD NACIONAL DE COLOMBIA,UNIVERSIDAD DISTRITAL FRANCISCO JOSE DE CALDAS,2
UNIVERSIDAD DE ANTIOQUIA,INSTITUTO NACIONAL DE MEDICINA LEGAL Y CIENCIAS FORENSES,2
UNIVERSIDAD DE LA GUAJIRA,UNIVERSIDAD DE LA GUAJIRA UNIGUAJIRA,2
UNIVERSIDAD NACIONAL DE COLOMBIA,UNIVERSIDAD NACIONAL ABIERTA Y A DISTANCIA,2
UNIVERSIDAD DE SAN BUENAVENTURA,UNIVERSIDAD CATOLICA LUIS AMIGO,2
UNIVERSIDAD DE ANTIOQUIA,UNIVERSIDAD DE SAN BUENAVENTURA,2
UNIVERSIDAD DE ANTIOQUIA,UNIVERSIDAD EAFIT,2
UNIVERSIDAD DE ANTIOQUIA,VEDAS CORPORACION DE INVESTIGACION E INNOVACION,2
UNIVERSIDAD DEL VALLE,UNIVERSIDAD DE CARTAGENA,2
UNIVERSIDAD DE ANTIOQUIA,UNIVERSIDAD PONTIFICIA BOLIVARIANA,2
UNIVERSIDAD DE MEDELLIN,UNIVERSIDAD EAFIT,2
INSTITUTO TECNOLOGICO METROPOLITANO,INSTITUTO TECNOLOGICO METROPOLITANO DE MEDELLIN,2
UNIVERSIDAD DE MEDELLIN,UNIVERSIDAD DE ANTIOQUIA,2
UNIVERSIDAD SANTO TOMAS,PONTIFICIA UNIVERSIDAD JAVERIANA,2
ECOPETROL S A,INSTITUTO COLOMBIANO DEL PETROLEO,2
CORPORACION UNIVERSITARIA MINUTO DE DIOS UNIMINUTO,UNIVERSIDAD NACIONAL ABIERTA Y A DISTANCIA,1
CONSORCIO PARA LA INVESTIGACION CIENTIFICA CAUCASECO,FUNDACION CENTRO DE PRIMATES,1
UNIVERSIDAD DEL QUINDIO,UNIVERSIDAD NACIONAL AUTONOMA DE MEXICO,1
UNIVERSIDAD DEL QUINDIO,WILDLIFE CONSERVATION SOCIETY,1
CORPORACION UNIVERSITARIA IBEROAMERICANA,SECRETARIA DE EDUCACION DEL DISTRITO,1
CONSERVATION INTERNATIONAL COLOMBIA,FUNDACION UNIVERSITARIA LOS LIBERTADORES,1
UNIVERSIDAD ECCI,UNIVERSIDAD DE SAN BUENAVENTURA,1
CORPORACION UNIVERSITARIA MINUTO DE DIOS UNIMINUTO,UNIVERSIDAD CENTRAL,1
UNIVERSIDAD ECCI,ESCUELA COLOMBIANA DE CARRERAS INDUSTRIALES,1
CONSEJO NACIONAL DE INVESTIGACIONES CIENTIFICAS Y TECNICAS,UNIVERSIDAD ECCI,1
CORPORACION UNIVERSITARIA MINUTO DE DIOS UNIMINUTO,UNIVERSIDAD DE SAN BUENAVENTURA,1
UNIVERSIDAD COOPERATIVA DE COLOMBIA,UNIVERSIDAD DEL MAGDALENA,1
UNIVERSIDAD EXTERNADO DE COLOMBIA,UNIVERSIDAD DE IBAGUE,1
CORPORACION UNIVERSITARIA EMPRESARIAL ALEXANDER VON HUMBOLDT,UNIVERSIDAD DEL QUINDIO,1
UNIVERSIDAD CENTRAL,FUNDACION UNIVERSITARIA DEL AREA ANDINA,1
UNIVERSIDAD EXTERNADO DE COLOMBIA,UNIVERSIDAD ANTONIO NARINO,1
UNIVERSIDAD EXTERNADO DE COLOMBIA,INSTITUTO NACIONAL DE VIAS,1
UNIVERSIDAD EXTERNADO DE COLOMBIA,FUNDACION UNIVERSITARIA LOS LIBERTADORES,1
UNIVERSIDAD EXTERNADO DE COLOMBIA,FUNDACION INSTITUTO DE ESTUDIOS POLITICOS Y RELACIONES INTERNACIONALES AMIGOS DEL IEPRI,1
CONSEJO LATINOAMERICANO DE CIENCIAS SOCIALES CLACSO,UNIVERSIDAD EXTERNADO DE COLOMBIA,1
UNIVERSIDAD DE SAN BUENAVENTURA,FUNDACION INSTITUTO NEUROLOGICO DE COLOMBIA,1
UNIVERSIDAD DEL SINU ELIAS BECHARA ZAINUM,UNIVERSIDAD DE CARTAGENA,1
UNIVERSIDAD DE SAN BUENAVENTURA,LABORATORIO CLINICO CLINICA GENERAL DEL NORTE,1
UNIVERSIDAD DEL QUINDIO,ESCUELA NORMAL SUPERIOR DEL QUNDIO,1
CORPORACION AUTONOMA REGIONAL DEL VALLE DEL CAUCA CVC,UNIVERSITY OF FREIBURG,1
CORLANC S A S,SUMICOL SAS,1
CORPORACION UNIVERSITARIA DEL CARIBE CECAR,UNIVERSIDAD DE ORIENTE,1
UNIVERSIDAD COOPERATIVA DE COLOMBIA,INSTITUCION EDUCATIVA JOSE ANTONIO GALAN,1
UNIVERSIDAD COOPERATIVA DE COLOMBIA,FEDERACION COLOMBIANA DE GANADEROS,1
UNIVERSIDAD COOPERATIVA DE COLOMBIA,CORPORACION UNIVERSITARIA MINUTO DE DIOS UNIMINUTO,1
CORPORACION UNIVERSITARIA ADVENTISTA,UNIVERSIDAD COOPERATIVA DE COLOMBIA,1
UNIVERSIDAD COOPERATIVA DE COLOMBIA,UNIVERSIDAD SANTIAGO DE CALI,1
UNIVERSIDAD LIBRE DE COLOMBIA,SECRETARIA DE EDUCACION DISTRITAL COLEGIO SAN BERNARDINO IED,1
UNIVERSIDAD LIBRE DE COLOMBIA,NEWCASTLE UNIVERSITY,1
UNIVERSIDAD LIBRE DE COLOMBIA,FUNDACION CHELONIA COLOMBIA,1
CORPORACION UNIVERSITARIA DE LA COSTA,INSTITUCION EDUCATIVA TECNICA INDUSTRIAL DE SOLEDAD MARIA AUXILIADORA,1
CORPORACION UNIVERSIDAD DE INVESTIGACION Y DESARROLLO,UNIVERSIDAD LIBRE DE COLOMBIA,1
CORPORACION UNIFICADA DE EDUCACION SUPERIOR CUN,CORPORACION UNIFICADA NACIONAL DE EDUCACION SUPERIOR,1
UNIVERSIDAD DEL ATLANTICO,UNIVERSIDAD DEL MAGDALENA,1
UNIVERSIDAD COOPERATIVA DE COLOMBIA,UNIVERSIDAD AUTONOMA LATINOAMERICANA UNAULA,1
UNIVERSIDAD DEL SINU ELIAS BECHARA ZAINUM,ESCRITORIO JURIDICO NORONO SANCHEZ TREJO S C,1
UNIVERSIDAD DEL ATLANTICO,UNIVERSIDAD DE LA GUAJIRA,1
CORPORACION UNIVERSITARIA DEL HUILA,FUNDACION UNIVERSITARIA NAVARRA UNINAVARRA,1
CORPORACION PARA LA INVESTIGACION ETNOMUSICAL SON DE NEGRO,UNIVERSIDAD DEL ATLANTICO,1
UNIVERSIDAD MILITAR NUEVA GRANADA,PROGRAMA DE ADMINISTRACION Y GESTION AMBIENTAL,1
UNIVERSIDAD MILITAR NUEVA GRANADA,FUNDACION UNIVERSITARIA AGRARIA DE COLOMBIA,1
FUNDACION UNIVERSITARIA NAVARRA UNINAVARRA,UNIVERSIDAD FEDERAL RIO GRANDE DEL NORTE,1
UNIVERSIDAD DE SUCRE,UNIVERSIDAD DE PAMPLONA,1
CORPORACION COLOMBIANA DE INVESTIGACION AGROPECUARIA AGROSAVIA,UNIVERSIDAD MILITAR NUEVA GRANADA,1
CORPORACION COLOMBIANA DE INVESTIGACION AGROPECUARIA AGROSAVIA,UNIVERSIDAD DE SUCRE,1
CORPORACION BUCARAMANGA EMPRENDEDORA LUIS CARLOS GALAN SARMIENTO INCUBADORA DE EMPRESAS DE BASE TECNOLOGICA C B E,UNIVERSIDAD INDUSTRIAL DE SANTANDER ESCUELA DE FILOSOFIA,1
ABOGADO LITIGANTE,UNIVERSIDAD DE MEDELLIN,1
UNIDADES TECNOLOGICAS DE SANTANDER,UNIVERSIDAD PONTIFICIA BOLIVARIANA,1
UNIVERSIDAD DEL SINU ELIAS BECHARA ZAINUM,CORPORACION UNIVERSITARIA DEL CARIBE CECAR,1
CENTRO INCA,CORPORACION UNIVERSITARIA AMERICANA,1
PONTIFICIA UNIVERSIDAD JAVERIANA,UNIVERSIDAD DEL TOLIMA,1
PONTIFICIA UNIVERSIDAD JAVERIANA,UNIVERSIDAD DE LA SABANA,1
PONTIFICIA UNIVERSIDAD JAVERIANA,UNIVERSIDAD COOPERATIVA DE COLOMBIA,1
PONTIFICIA UNIVERSIDAD JAVERIANA,THE UNIVERSITY OF SYDNEY,1
PONTIFICIA UNIVERSIDAD JAVERIANA,PROGRAMA DE LAS NACIONES UNIDAS PARA EL DESARROLLO,1
PONTIFICIA UNIVERSIDAD JAVERIANA,FACULTAD DE INGENIRRIA,1
PONTIFICIA UNIVERSIDAD JAVERIANA,ESCUELA NACIONAL DE CIENCIAS BIOLOGICAS,1
CLADEA,PONTIFICIA UNIVERSIDAD JAVERIANA,1
CENTRO NACIONAL DE INVESTIGACIONES DE CAFE,FEDERACION NACIONAL DE CAFETEROS DE COLOMBIA CENTRO NACIONAL DE INVESTIGACIONES DE CAFE CENICAFE,1
CENTRO MEDICO IMBANACO DE CALI SA,HOSPITAL UNIVERSITARIO DEL VALLE EVARISTO GARCIA E S E,1
CORPORACION UNIVERSITARIA AMERICANA,ROCCAP SAS,1
CORPORACION UNIVERSITARIA AMERICANA,CORPORACION UNIVERSITARIA EMPRESARIAL DE SALAMANCA,1
CENTRO DE LA INNOVACION LA AGROINDUSTRIA Y EL TURISMO,UNIVERSIDAD NACIONAL DE QUILMES ARGENTINA,1
CONCEJO DE BOGOTA,UNIVERSIDAD DEL SINU ELIAS BECHARA ZAINUM,1
UNIVERSIDAD SANTO TOMAS,UNIVERSIDAD SERGIO ARBOLEDA,1
UNIVERSIDAD SANTO TOMAS,UNIVERSIDAD PILOTO,1
UNIVERSIDAD SANTO TOMAS,UNIVERSIDAD MILITAR NUEVA GRANADA,1
UNIVERSIDAD SANTO TOMAS,UNIVERSIDAD EL BOSQUE,1
UNIVERSIDAD SANTO TOMAS,UNIVERSIDAD CATOLICA DE MANIZALES,1
UNIVERSIDAD SANTO TOMAS,PROVINCIA SAN LUIS BERTRAN DE COLOMBIA,1
UNIVERSIDAD SANTO TOMAS,INSTITUTO UNIVERSITARIO DE LA PAZ INUPAZ,1
UNIVERSIDAD SANTO TOMAS,INSTITUTO CARO Y CUERVO,1
UNIVERSIDAD SANTO TOMAS,FUNDACION UNIVERSITARIA JUAN DE CASTELLANOS,1
UNIVERSIDAD SANTO TOMAS,FUNDACION DE ESTUDIOS SUPERIORES COMFANORTE,1
UNIVERSIDAD SANTO TOMAS,CORPORACION UNIVERSITARIA AUTONOMA DE NARINO,1
UNIVERSIDAD SANTO TOMAS,COLEGIO COLOMBIANO DE EDUCADORES FISICOS Y PROFESIONES AFINES,1
PONTIFICIA UNIVERSIDAD JAVERIANA,UNIVERSIDAD ECCI,1
PONTIFICIA UNIVERSIDAD JAVERIANA,UNIVERSIDAD EXTERNADO DE COLOMBIA,1
PONTIFICIA UNIVERSIDAD JAVERIANA,UNIVERSIDAD ICESI,1
PONTIFICIA UNIVERSIDAD JAVERIANA,UNIVERSIDAD SURCOLOMBIANA,1
COMPANIA GENERAL DE ACEROS S A,RESEARCH FOR TALENT,1
COMITE NATIONAL DES CONSEILLERS DU COMMERCE EXTERIEUR DE LA FRANCE,HERES AVOCATS,1
COLEGIO SANTOS APOSTOLES,CORPORACION COLOMBIANA DEL SABER CIENTIFICO SCIO,1
UNIVERSIDAD LA GRAN COLOMBIA,UNIVERSIDAD DEL QUINDIO,1
UNIVERSIDAD LA GRAN COLOMBIA,UNIVERSIDAD ANTONIO NARINO,1
UNIVERSIDAD DEL ROSARIO,FUNDACION UNIVERSITARIA KONRAD LORENZ,1
FUNDACION UNIVERSITARIA CERVANTES SAN AGUSTIN,UNIVERSIDAD SERGIO ARBOLEDA,1
UNIDADES TECNOLOGICAS DE SANTANDER,INSTITUTO UNIVERSITARIO DE LA PAZ INUPAZ,1
COLEGIO DE SANTANDER,UNIDADES TECNOLOGICAS DE SANTANDER,1
UNIVERSIDAD DE LA SABANA,UNIVERSITY OF MISSOURI COLUMBIA USA,1
UNIVERSIDAD DE LA SABANA,UNIVERSIDAD ECCI,1
UNIVERSIDAD DE LA SABANA,UNIVERSIDAD DE LA SALLE,1
UNIVERSIDAD DE LA SABANA,UNIVERSIDAD CATOLICA DE COLOMBIA,1
UNIVERSIDAD DE LA SABANA,TEAM FOODS COLOMBIA S A ACEITES Y GRASAS VEGETALES S A,1
UNIVERSIDAD DE LA SABANA,S S TECNOLOGIA Y SERVICIO,1
UNIVERSIDAD DE LA SABANA,MASSACHUSETTS INSTITUTE OF TECHNOLOGY,1
UNIVERSIDAD DE LA SABANA,INSTITUTO TECNICO DE ALTA TECNOLOGIA,1
UNIVERSIDAD DE LA SABANA,INDEPENDIENTE,1
UNIVERSIDAD DE LA SABANA,IEBS BUSSINESS SCHOOL,1
CLINICA UNIVERSITARIA TELETON,UNIVERSIDAD DE LA SABANA,1
UNIVERSIDAD SURCOLOMBIANA,UNIVERSIDAD NACIONAL ABIERTA Y A DISTANCIA,1
UNIVERSIDAD SURCOLOMBIANA,UNIVERSIDAD DE LOS LLANOS,1
UNIVERSIDAD SURCOLOMBIANA,FUNDACION UNIVERSITARIA DEL AREA ANDINA,1
UNIVERSIDAD SURCOLOMBIANA,CORPORACION UNIVERSITARIA DEL HUILA,1
CLINICA SALUDCOOP,UNIVERSIDAD SURCOLOMBIANA,1
UNIVERSIDAD DE SAN BUENAVENTURA,UNIVERSIDAD CATOLICA DE COLOMBIA,1
UNIVERSIDAD NACIONAL ABIERTA Y A DISTANCIA,UNIVERSIDAD NACIONAL ABIERTA Y A DISTANCIA UNAD,1
UNIVERSIDAD DE SAN BUENAVENTURA,UNIVERSIDAD DE CARTAGENA,1
UNIVERSIDAD PONTIFICIA BOLIVARIANA,VENTURA FONTAN FONTAN Y CIA S C S,1
UNIVERSIDAD PONTIFICIA BOLIVARIANA,UNIVERSIDAD EAFIT,1
INSTITUCION UNIVERSITARIA PASCUAL BRAVO,UNIVERSIDAD PONTIFICIA BOLIVARIANA,1
INSTITUCION UNIVERSITARIA COLOMBO AMERICANA,SHANGHAI UNITED INTERNATIONAL SCHOOL WANYUAN,1
UNIVERSIDAD MARIANA UNIMAR,UNIVERSIDAD CESMAG,1
UNIVERSIDAD MARIANA UNIMAR,JUNTA REGIONAL DE CALIFICACION DE INVALIDEZ REGIONAL NARINO,1
INSTITUCION UNIVERSITARIA CENTRO DE ESTUDIOS SUPERIORES MARIA GORETTI CESMAG,UNIVERSIDAD MARIANA UNIMAR,1
INSTITUCION EDUCATIVA TENICO INDUSTRIAL DIEZ DE MAYO,INSTITUTO TOBIAS EMANUEL,1
UNIVERSIDAD AUTONOMA DEL CARIBE,UNIVERSIDAD AUTONOMA DE BARRANQUILLA,1
UNIVERSIDAD AUTONOMA DEL CARIBE,LATINOAMERICANA DE EDUCACION INVESTIGACION Y TECNOLOGIA,1
INGENIERA STRYCON LTDA,UNIVERSIDAD AUTONOMA DEL CARIBE,1
HOSPITAL UNIVERSITARIO SAN IGNACIO,SEMILLERO DE NEUROCIENCIAS Y ENVEJECIMIENTO DE LA PUJ BOGOTA,1
UNIVERSIDAD METROPOLITANA,UNIVERSIDAD DE CARTAGENA,1
HOSPITAL UNIVERSITARIO DE BARRANQUILLA,UNIVERSIDAD METROPOLITANA,1
UNIVERSIDAD DEL MAGDALENA,INSTITUTO DE INVESTIGACION DE RECURSOS BIOLOGICOS ALEXANDER VON HUMBOLDT,1
UNIVERSIDAD DEL MAGDALENA,INSTITUCION EDUCATIVA DISTRITAL SIMON RODRIGUEZ,1
UNIVERSIDAD DEL MAGDALENA,INSTITUCION DEPARTAMENTAL SAN JOSE DE PUEBLOVIEJO,1
HOSPITAL FERNANDO TROCONIS,UNIVERSIDAD DEL MAGDALENA,1
HAERENTIA,MUSEO NACIONAL DE COLOMBIA,1
GRUPO DE ENFOQUE EN ENERGIA Y CAMBIO CLIMATICO,LOGYCAINVESTIGACION,1
UNIVERSIDAD DE LA GUAJIRA,UNIVERSIDAD DEL MAGDALENA,1
GOBERNACION DE LA GUAJIRA,UNIVERSIDAD DE LA GUAJIRA,1
FUNDACION VALLE DEL LILI,UNIVERSIDAD ICESI,1
UNIVERSIDAD AUTONOMA LATINOAMERICANA UNAULA,UNIVERSIDAD EAFIT,1
FUNDACION UNIVERSITARIA JUAN DE CASTELLANOS,UNIVERSIDAD AUTONOMA LATINOAMERICANA UNAULA,1
UNIVERSIDAD DE SANTANDER,UNIVERSIDAD ANTONIO NARINO,1
FUNDACION UNIVERSITARIA DE POPAYAN,UNIVERSIDAD DE SANTANDER,1
FUNDACION UNIVERSITARIA DE CIENCIAS DE LA SALUD FUCS,VU MEDICAL CENTER,1
UNIVERSIDAD PONTIFICIA BOLIVARIANA,UNIVERSIDAD SANTIAGO DE CALI,1
INSTITUTE OF MACROMOLECULAR CHEMISTRY PETRU PONI,UNIVERSIDAD DE PAMPLONA,1
UNIVERSIDAD DE SAN BUENAVENTURA,UNIVERSIDAD DE LA GUAJIRA,1
UNIVERSIDAD DE PAMPLONA,UNIVERSIDAD ANTONIO NARINO,1
UNIVERSIDAD DE DELAWARE,UNIVERSITY OF DELAWARE,1
UNIVERSIDAD DE CUNDINAMARCA FGGA,UNIVERSIDAD DE NARINO,1
TESLAB GEO AMBIENTAL,UNIVERSIDAD ANTONIO NARINO,1
UNIVERSIDAD EAN,UNIVERSIDAD DE VIGO,1
POLYAROMAS SAS,ROBERTET ANDINA,1
ORGANIZACION SER HUMANO S A S,PERSEUS ALLIANZ,1
MURDOCH CHILDRENS RESEARCH INSTITUTE,UNIVERSITE LAVAL,1
MINISTERIO DE SALUD Y PROTECCION SOCIAL,SECRETARIA DISTRITAL DE SALUD DE BOGOTA,1
MINISTERIO DE EDUCACION NACIONAL MINEDUCACION,SECRETARIA DE EDUCACION DEPARTAMENTAL DE BOYACA,1
UNIVERSIDAD TECNOLOGICA DEL CHOCO DIEGO LUIS CORDOBA,UNIVERSIDAD DE CASTILLA LA MANCHA,1
MICHIGAN STATE UNIVERSITY,UNIVERSIDAD DE PUERTO RICO,1
MCGILL UNIVERSITY,UNIVERSITE DE MONTREAL,1
LYCEE HAUTE FOLLIS,UNIVERSIDAD DE LA LAGUNA,1
UNIVERSIDAD DE CARTAGENA,UNIVERSIDAD DEL NORTE,1
UNIVERSIDAD DE CARTAGENA,RED DE UNIVERSIDADES DEL DOCTORADO EN CIENCIAS DE LA EDUCACION,1
LABORATORIO CLINICO SANTA LUCIA,UNIVERSIDAD DE CARTAGENA,1
INSTITUTO UNIVERSITARIO DE LA PAZ INUPAZ,UNIDAD MUNICIPAL DE ASISTENCIA TECNICA AGROPECUARIA,1
INSTITUTO TECNOLOGICO METROPOLITANO,RYMEL INGENIERIA ELECTRICA S A S,1
UNIVERSIDAD EAFIT,THE UNIVERSITY OF NORTH CAROLINA AT GREENSBORO,1
UNIVERSIDAD EAFIT,PVG ARQUITECTOS SAS,1
INSTITUTO DE INVESTIGACION DE RECURSOS BIOLOGICOS ALEXANDER VON HUMBOLDT,UNIVERSIDAD EAFIT,1
INSTITUTO DE INGENIERIA DE ALIMENTOS PARA EL DESARROLLO,UNIVERSITAT POLITECNICA DE VALENCIA,1
INSTITUTO COLOMBIANO DE MEDICINA TROPICAL INSTITUTO DE CIENCIAS DE LA SALUD CES,INSTITUTO COLOMBIANO DE MEDICINA TROPICAL UNIVERSIDAD CES,1
INSTITUTO CARO Y CUERVO,PONTIFICIA UNIVERSIDAD CATOLICA DE CHILE,1
UNIVERSIDAD AUTONOMA DE COLOMBIA,R R INVESTIGACIONES Y CONSULTORIA LIMITADA,1
INSTITUTO AMAZONICO DE INVESTIGACIONES CIENTIFICAS SINCHI,UNIVERSIDAD AUTONOMA DE COLOMBIA,1
UNIVERSIDAD DE PAMPLONA,UNIVERSIDAD PEDAGOGICA Y EXPERIMENTAL EL LIBERTADOR,1
FUNDACION UNIVERSITARIA DE CIENCIAS DE LA SALUD FUCS,SOCIEDAD DE CIRUGIA DE BOGOTA HOSPITAL DE SAN JOSE,1
FUNDACION UNIVERSITARIA DE CIENCIAS DE LA SALUD FUCS,HOSPITAL INFANTIL NAPOLEON FRANCO PAREJA,1
UNIVERSIDAD SERGIO ARBOLEDA,UNIVERSIDAD EAN,1
UNIVERSIDAD SERGIO ARBOLEDA,UNIVERSIDAD DEL MAGDALENA,1
ESCUELA SUPERIOR DE ADMINISTRACION PUBLICA ESAP,UNIVERSIDAD CATOLICA DE MANIZALES,1
UNIVERSIDAD DE LOS LLANOS,MINISTERIO DE SALUD Y PROTECCION SOCIAL,1
ESCUELA SUPERIOR DE ADMINISTRACION PUBLICA,UNIVERSIDAD DE LOS LLANOS,1
UNIVERSIDAD PEDAGOGICA Y TECNOLOGICA DE COLOMBIA,UNIVERSIDAD PEDAGOGICA Y TECNOLOGICA DE COLOMBIA UPTC,1
UNIVERSIDAD PEDAGOGICA Y TECNOLOGICA DE COLOMBIA,FUNDACIAN KOBB,1
ESCUELA NORMAL SUPERIOR MARIA AUXILIADORA DE VILLAPINZON,UNIVERSIDAD PEDAGOGICA Y TECNOLOGICA DE COLOMBIA,1
ESCUELA NACIONAL DE POLICIA GENERAL SANTANDER,FISCALIA GENERAL DE LA NACION,1
POLITECNICO COLOMBIANO JAIME ISAZA CADAVID,UNIVERSIDAD PONTIFICIA BOLIVARIANA,1
POLITECNICO COLOMBIANO JAIME ISAZA CADAVID,INSTITUTO TECNOLOGICO METROPOLITANO DE MEDELLIN,1
ESCUELA DE NUTRICION Y DIETETICA UNIVERSIDAD DE ANTIOAUIA,POLITECNICO COLOMBIANO JAIME ISAZA CADAVID,1
ESCUELA DE MICROBIOLOGIA UDEA,FUNDACION HOSPITALARIA SAN VICENTE DE PAUL,1
ELSAMEX INTERNACIONAL SUCURSAL COLOMBIA,UNIVERSIDAD CATOLICA DE COLOMBIA,1
INSTITUTO COLOMBIANO DEL PETROLEO,FUNDACION NATURA COLOMBIA,1
DIRECCION NACIONAL DE ESCUELAS POLICIA NACIONAL DE COLOMBIA,POLICIA NACIONAL DE COLOMBIA,1
UNIVERSIDAD DE LA AMAZONIA,UNIVERSIDAD CATOLICA DE MANIZALES,1
DEPARTAMENTO ADMINISTRATIVO DEL MEDIO AMBIENTE,UNIVERSIDAD DE LA AMAZONIA,1
TECNOLOGICO DE ANTIOQUIA INSTITUCION UNIVERSITARIA,UNIVERSIDAD PRIVADA DR RAFAEL BELLOSO CHACIN,1
CORPORACION UNIVERSITARIA REMINGTON,TECNOLOGICO DE ANTIOQUIA INSTITUCION UNIVERSITARIA,1
UNIVERSIDAD NACIONAL ABIERTA Y A DISTANCIA,UNIVERSIDAD PONTIFICIA BOLIVARIANA,1
UNIVERSIDAD NACIONAL ABIERTA Y A DISTANCIA,UNIVERSIDAD NACIONAL ABIERTA YA DISTANCIA,1
UNIVERSIDAD DISTRITAL FRANCISCO JOSE DE CALDAS,UNIVERSIDAD PEDAGOGICA NACIONAL DE COLOMBIA,1
UNIVERSIDAD NACIONAL ABIERTA Y A DISTANCIA,UNIVERSIDAD DE LOS LLANOS,1
UNIVERSIDAD NACIONAL ABIERTA Y A DISTANCIA,FUNDACION UNIVERSITARIA SAN MATEO EDUCACION SUPERIOR,1
UNIVERSIDAD NACIONAL ABIERTA Y A DISTANCIA,FUNDACION UNIVERSITARIA DEL AREA ANDINA,1
UNIVERSIDAD DE SAN BUENAVENTURA,UNIVERSIDAD SERGIO ARBOLEDA,1
UNIVERSIDAD DE SAN BUENAVENTURA,UNIVERSIDAD NACIONAL ABIERTA Y A DISTANCIA,1
UNIVERSIDAD DE SAN BUENAVENTURA,UNIVERSIDAD DE MANIZALES UMANIZALES,1
ESCUELA SUPERIOR DE GUERRA,UNIVERSIDAD DE CIENCIAS APLICADAS Y AMBIENTALES U D C A,1
ESCUELA SUPERIOR DE GUERRA,UNIVERSIDAD JORGE TADEO LOZANO,1
UNIVERSIDAD DE CIENCIAS APLICADAS Y AMBIENTALES U D C A,UNIVERSIDAD FRANCISCO DE PAULA SANTANDER OCANA,1
UNIVERSIDAD POPULAR DEL CESAR,UNIVERSIDAD DE SANTANDER,1
UNIVERSIDAD SERGIO ARBOLEDA,GENIUS SPORTS SERVICES COLOMBIA SAS,1
FUNDACION UNIVERSITARIA AUTONOMA DE LAS AMERICAS,INSTITUCION UNIVERSITARIA COLEGIO MAYOR DE ANTIOQUIA,1
UNIVERSIDAD DE LA SALLE,SERVICIO GEOLOGICO COLOMBIANO,1
FUNDACION UNIVERSITARIA AGRARIA DE COLOMBIA,UNIVERSITY OF PITTSBURGH,1
FUNDACION UNIVERSITARIA AGRARIA DE COLOMBIA,UNIVERSIDAD DE LA SALLE,1
UNIVERSIDAD MANUELA BELTRAN,SECRETARIA DISTRITAL DE SALUD DE BOGOTA,1
FUNDACION UNIVERSIDAD DE AMERICA,UNIVERSIDAD MANUELA BELTRAN,1
UNIVERSIDAD EL BOSQUE,FUNDACION UNIVERSITARIA DE CIENCIAS DE LA SALUD FUCS,1
FUNDACION SANTA FE DE BOGOTA,UNIVERSIDAD EL BOSQUE,1
FUNDACION SANTA FE DE BOGOTA,INSTITUTO NACIONAL DE MEDICINA LEGAL Y CIENCIAS FORENSES,1
FUNDACION SANTA FE DE BOGOTA,HOSPITAL UNIVERSITARIO CLINICA SAN RAFAEL,1
FUNDACION REIKI MANOS DE LUZ,FUNDACION UNIVERITARIA JUAN N CORPAS,1
UNIVERSIDAD POPULAR DEL CESAR,UNIVERSIDAD DE LA GUAJIRA,1
UNIVERSIDAD JORGE TADEO LOZANO,FUNDACION UNIVERSITARIA COMFAMILIAR RISARALDA,1
UNIVERSIDAD POPULAR DEL CESAR,FUNDACION UNIVERSITARIA DEL AREA ANDINA,1
FUNDACION FUTURO COLOMBIANO,UNIVERSIDAD POPULAR DEL CESAR,1
UNIVERSIDAD FRANCISCO DE PAULA SANTANDER,UNIVERSIDAD DE PAMPLONA,1
FUNDACION DE ESTUDIOS SUPERIORES COMFANORTE,UNIVERSIDAD FRANCISCO DE PAULA SANTANDER,1
FUNDACION DE EDUCACION SUPERIOR SAN JOSE,XERES LO SAS,1
UNIVERSIDAD DE MANIZALES UMANIZALES,UNIVERSIDAD CATOLICA DE PEREIRA,1
FUNDACION CENTRO INTERNACIONAL DE EDUCACION Y DESARROLLO HUMANO CINDE,UNIVERSIDAD DE MANIZALES UMANIZALES,1
FUNDACION CENTRO INTERNACIONAL DE EDUCACION Y DESARROLLO HUMANO CINDE,FUNDACION INFANCIA Y APRENDIZAJE,1
FUNDACION CARDIOVASCULAR DE COLOMBIA FLORIDABLANCA,FUNDACION UNIVERSITARIA BARCELO,1
FUERZA AEREA COLOMBIANA,MINISTERIO DE DEFENSA NACIONAL MINDEFENSA,1
ESE CLINICA MATERNIDAD RAFAEL CALVO,UNIVERSIDAD DE BARCELONA,1
ESCUELA SUPERIOR DE OFTALMOLOGIA DEL INSTITUTO BARRAQUER DE AMERICA,INSTITUCION UNIVERSITARIA COLEGIOS DE COLOMBIA UNICOC ANTES COLEGIO ODONTOLOGICO COLOMBIANO,1
CENTRO DE INVESTIGACIONES UNIVERSIDAD MANUELA BELTRAN C I U M B,UNIVERSIDAD SANTO TOMAS,1
CENTRO DE INVESTIGACION INNOVACION Y DESARROLLO,FUNDACION CIENTIFICA SIETE,1
UNIVERSIDAD DISTRITAL FRANCISCO JOSE DE CALDAS,UNIVERSIDAD LIBRE DE COLOMBIA,1
UNIVERSIDAD DISTRITAL FRANCISCO JOSE DE CALDAS,UNIVERSIDAD ECCI,1
UNIVERSIDAD DE LOS ANDES,FUNDACION UNIVERSIDAD DEL NORTE,1
UNIVERSIDAD DE LOS ANDES,FUNDACION SANTA FE DE BOGOTA,1
UNIVERSIDAD DE LOS ANDES,FUNDACION HUMEDALES,1
UNIVERSIDAD DE LOS ANDES,DIRECCION GENERAL PARA LA PREVENCION Y ATENCION DE DESASTRES,1
UNIVERSIDAD DE LOS ANDES,CENTRO NACIONAL DE INVESTIGACIONES CARDIOVASCULARES CARLOS LLERAS RESTREPO,1
UNIVERSIDAD DE LOS ANDES,BIOGEOECO,1
ASOCIACION COLOMBIANA DE FACULTADES DE INGENIERIA ACOFI,UNIVERSIDAD DE LOS ANDES,1
UNIVERSIDAD DE CUNDINAMARCA,UNIVERSIDAD SANTO TOMAS,1
UNIVERSIDAD DE CUNDINAMARCA,UNIVERSIDAD ECCI,1
UNIVERSIDAD DE CUNDINAMARCA,UNIVERSIDAD DEL MAGDALENA,1
UNIVERSIDAD DE CUNDINAMARCA,FORMAR INNOVAR COLEGIO CAMPESTRE,1
UNIVERSIDAD DE CUNDINAMARCA,ESCUELA SUPERIOR DE ADMINISTRACION PUBLICA,1
ASESORES CONSULTORES E INTERVENTORES MACIAS SAS,UNIVERSIDAD DE CUNDINAMARCA,1
CORPORACION UNIVERSIDAD DE LA COSTA,UNIVERSIDAD SIMON BOLIVAR,1
CORPORACION UNIVERSIDAD DE LA COSTA,UNIVERSIDAD LIBRE DE COLOMBIA,1
CORPORACION UNIVERSIDAD DE LA COSTA,UNIVERSIDAD DEL VALLE,1
CORPORACION UNIVERSIDAD DE LA COSTA,QUADRANTI INGENIERIA SAS,1
CORPORACION UNIVERSIDAD DE LA COSTA,INSTITUCION UNIVERSITARIA ITSA,1
CORPORACION UNIVERSIDAD DE LA COSTA,GRUPO DE INVESTIGACION EN PSICOLOGIA,1
CORPORACION UNIVERSIDAD DE LA COSTA,CENTRO DE INVESTIGACIONES EN TECNOLOGIAS AMBIENTALES CITA,1
ARQUITECTURA,CORPORACION UNIVERSIDAD DE LA COSTA,1
ESCUELA NAVAL DE CADETES ALMIRANTE PADILLA,UNIVERSIDAD DEL SINU ELIAS BECHARA ZAINUM,1
ARMADA NACIONAL DE COLOMBIA BOGOTA,ESCUELA NAVAL DE CADETES ALMIRANTE PADILLA,1
ARCHIVES DEPARTEMENTALES DE LA MANCHE,CENTRE DE RECHERCHE HICSA HISTOIRE CULTURELLE ET SOCIALE DES ARTS EA 4100 UNIVERSITE PARIS 1 PANTHEONSORBONNE,1
UNIVERSITARIA AGUSTINIANA,UNIVERSIDAD SANTO TOMAS,1
UNIVERSITARIA AGUSTINIANA,UNIVERSIDAD DE CARTAGENA,1
APIARIOS EL PINAR CIA LTDA,UNIVERSITARIA AGUSTINIANA,1
UNIVERSIDAD DE LOS ANDES,INTER AMERICAN DEVELOPMENT BANK,1
UNIVERSIDAD DE LOS ANDES,NEOTROPICAL ORNITHOLOGICAL SOCIETY,1
UNIVERSIDAD DE LOS ANDES,SERVICIO GEOLOGICO COLOMBIANO,1
INSTITUTO NACIONAL DE SALUD,FUNDACION UNIVERSITARIA DEL AREA ANDINA,1
SERVICIO NACIONAL DE APRENDIZAJE SENA,PONTIFICIA UNIVERSIDAD CATOLICA DE VALPARAISO,1
SERVICIO NACIONAL DE APRENDIZAJE SENA,CENTRO DE DESARROLLO TECNOLOGICO DE ASISTENCIA TECNICA A LA INDUSTRIA SENA ASTIN,1
ASOCIACION PISCICOLA EL VERGEL,SERVICIO NACIONAL DE APRENDIZAJE SENA,1
ASOCIACION PANAMERICANA OTORRINOLARINGOLOGIA CABEZA Y CUELLO,SOCIEDAD COLOMBIANA DE OTORRINOLARINGOLOGIA,1
UNIVERSIDAD DE CORDOBA,UNIVERSIDAD DEL ATLANTICO,1
UNIVERSIDAD DE CORDOBA,CORPORACION COLOMBIANA DE INVESTIGACION AGROPECUARIA AGROSAVIA,1
ASOCIACION DE MUNICIPIOS DELOS DEPARTAMENTOS DE CORDOBA Y SUCRE,UNIVERSIDAD DE CORDOBA,1
UNIVERSIDAD TECNOLOGICA DE BOLIVAR,UNIVERSIDAD AUTONOMA DE BAJA CALIFORNIA SUR,1
ASOCIACION COLOMBIANA PYME,UNIVERSIDAD TECNOLOGICA DE BOLIVAR,1
MINISTERIO DE CIENCIA TECNOLOGIA E INNOVACION,UNIVERSIDAD TECNOLOGICA DEL CHOCO DIEGO LUIS CORDOBA,1
MINISTERIO DE CIENCIA TECNOLOGIA E INNOVACION,FUNDACION UNIVERSIDAD DEL NORTE,1
INSTITUTO NACIONAL DE SALUD,GESATH OUTSOURCING SAS,1
ASOCIACION COLOMBIANA PARA EL AVANCE DE LA CIENCIA ACAC,MINISTERIO DE CIENCIA TECNOLOGIA E INNOVACION,1
UNIVERSIDAD DE LOS ANDES,TECHNICAL UNIVERSITY OF DENMARK,1
ASOCIACION COLOMBIANA PARA EL AVANCE DE LA CIENCIA ACAC,INSTITUTO NACIONAL DE SALUD,1
ASOCIACION COLOMBIANA DE MEDICINA INTERNA ACMI,INSTITUTO DEL CORAZON,1
CLINICA COLSANITAS S A,UNIVERSIDAD INDUSTRIAL DE SANTANDER,1
ASOCIACION COLOMBIANA DE INFECTOLOGIA,CLINICA COLSANITAS S A,1
UNIVERSIDAD DE LOS ANDES,UNIVERSIDAD LIBRE DE COLOMBIA,1
UNIVERSIDAD DE LOS ANDES,UNIVERSIDAD INDUSTRIAL DE SANTANDER,1
UNIVERSIDAD DE LOS ANDES,UNIVERSIDAD DISTRITAL FRANCISCO JOSE DE CALDAS,1
UNIVERSIDAD DE LOS ANDES,UNIVERSIDAD DE SAN BUENAVENTURA,1
UNIVERSIDAD DE LOS ANDES,UNIVERSIDAD DE LA SABANA,1
UNIVERSIDAD DE LOS ANDES,UNIVERSIDAD DE ANTIOQUIA,1
UNIVERSIDAD DE LOS ANDES,UNIVERSIDAD CATOLICA DE ORIENTE,1
UNIVERSIDAD DE LOS ANDES,TEMPLE UNIVERSITY,1
UNIVERSIDAD NACIONAL DE COLOMBIA,XM COMPANIA DE EXPERTOS EN MERCADOS S A E S P,1
UNIVERSIDAD NACIONAL DE COLOMBIA,UNIVERSITAT DE VALENCIA,1
UNIVERSIDAD NACIONAL DE COLOMBIA,UNIVERSIDADE ESTADUAL DE CAMPINAS,1
COLEGIO MAYOR NUESTRA SENORA DEL ROSARIO,UNIVERSIDAD DEL ROSARIO,1
UNIVERSIDAD NACIONAL DE COLOMBIA,CORPORACION COLOMBIANA DE INVESTIGACION AGROPECUARIA AGROSAVIA,1
UNIVERSIDAD NACIONAL DE COLOMBIA,CORPOBIOTICA CORPORACION PARA EL DESARROLLO INVESTIGACION Y APLICACION,1
UNIVERSIDAD NACIONAL DE COLOMBIA,CENTRO DE INGENIERIA AVANZADA INVESTIGACION Y DESARROLLO,1
UNIVERSIDAD NACIONAL DE COLOMBIA,CENTRO DE GESTION Y DESARROLLO SOSTENIBLE SURCOLOMBIANO,1
UNIVERSIDAD NACIONAL DE COLOMBIA,CENTRO DE BIOINFORMATICA Y BIOLOGIA COMPUTACIONAL DE COLOMBIA,1
UNIVERSIDAD NACIONAL DE COLOMBIA,CELBIT LTDA,1
UNIVERSIDAD NACIONAL DE COLOMBIA,BIO SAFE,1
UNIVERSIDAD NACIONAL DE COLOMBIA,ASOCIACION COLOMBIANA DE CRIADORES DE BUFALOS ACB,1
UNIVERSIDAD NACIONAL DE COLOMBIA,ARISTIZABAL OCHOA INGENIEROS ASESORES,1
ANADARKO COLOMBIA COMPANY SUCURSAL COLOMBIA,UNIVERSIDAD NACIONAL DE COLOMBIA,1
COLEGIO MAYOR NUESTRA SENORA DEL ROSARIO,UNIVERSIDAD SANTO TOMAS,1
COLEGIO MAYOR NUESTRA SENORA DEL ROSARIO,UNIVERSIDAD LA GRAN COLOMBIA,1
COLEGIO MAYOR NUESTRA SENORA DEL ROSARIO,UNIVERSIDAD DE ANTIOQUIA,1
UNIVERSIDAD NACIONAL DE COLOMBIA,ESCUELA COLOMBIANA DE INGENIERIA JULIO GARAVITO,1
COLEGIO MAYOR NUESTRA SENORA DEL ROSARIO,FUNDACION UNIVERSITARIA CERVANTES SAN AGUSTIN,1
COLEGIO MAYOR NUESTRA SENORA DEL ROSARIO,FUNDACION CARDIOINFANTIL INSTITUTO DE CARDIOLOGIA,1
COLEGIO MAYOR NUESTRA SENORA DEL ROSARIO,CORPORACION PARA INVESTIGACIONES BIOLOGICAS,1
AMERICANA DE TRENZADOS,COLEGIO MAYOR NUESTRA SENORA DEL ROSARIO,1
INTEGRAL S A INGENIERIA TECNICA GENERAL S A INGENIEROS CONSULTORES,UNIVERSIDAD NACIONAL DE COLOMBIA,1
ALEPH INGENIEROS CONSULTORES,INTEGRAL S A INGENIERIA TECNICA GENERAL S A INGENIEROS CONSULTORES,1
UNIVERSIDAD DE CALDAS,UNIVERSIDAD TECNOLOGICA DE PEREIRA,1
UNIVERSIDAD DE CALDAS,FEDERACION NACIONAL DE CAFETEROS DE COLOMBIA CENTRO NACIONAL DE INVESTIGACIONES DE CAFE CENICAFE,1
ACADEMIA DE MEDICINA DE CALDAS,UNIVERSIDAD DE CALDAS,1
UNIVERSIDAD DE MEDELLIN,UNIVERSIDAD DE MANIZALES UMANIZALES,1
UNIVERSIDAD DE MEDELLIN,PROGRAMA INGENIERIA CIVIL UNIVERSIDAD DE MEDELLIN,1
UNIVERSIDAD DE MEDELLIN,MACIAS GOMEZ ABOGADOS,1
UNIVERSIDAD NACIONAL DE COLOMBIA,CORPORACION UNIVERSITARIA COMFACAUCA UNICOMFACAUCA,1
UNIVERSIDAD NACIONAL DE COLOMBIA,FEDERACION ANDINA DE ASOCIACIONES NACIONALES DE EDUCACION SUPERIOR EN CIENC,1
UNIVERSIDAD NACIONAL DE COLOMBIA,UNIVERSIDAD PONTIFICIA BOLIVARIANA,1
UNIVERSIDAD NACIONAL DE COLOMBIA,UNIVERSIDAD CATOLICA DE MANIZALES,1
UNIVERSIDAD NACIONAL DE COLOMBIA,UNIVERSIDAD POLITECNICA DE MADRID,1
UNIVERSIDAD NACIONAL DE COLOMBIA,UNIVERSIDAD PEDAGOGICA NACIONAL,1
UNIVERSIDAD NACIONAL DE COLOMBIA,UNIVERSIDAD MILITAR NUEVA GRANADA,1
UNIVERSIDAD NACIONAL DE COLOMBIA,UNIVERSIDAD MANUELA BELTRAN,1
UNIVERSIDAD NACIONAL DE COLOMBIA,UNIVERSIDAD EXTERNADO DE COLOMBIA,1
UNIVERSIDAD NACIONAL DE COLOMBIA,UNIVERSIDAD ESTADUAL PAULISTA JULIO MESTQUITA FILHO,1
UNIVERSIDAD NACIONAL DE COLOMBIA,UNIVERSIDAD ECCI,1
UNIVERSIDAD NACIONAL DE COLOMBIA,UNIVERSIDAD EAN,1
UNIVERSIDAD NACIONAL DE COLOMBIA,UNIVERSIDAD EAFIT,1
UNIVERSIDAD NACIONAL DE COLOMBIA,UNIVERSIDAD DE ORIENTE,1
UNIVERSIDAD NACIONAL DE COLOMBIA,UNIVERSIDAD DE ILINOIS,1
UNIVERSIDAD NACIONAL DE COLOMBIA,UNIVERSIDAD CATOLICA DE ORIENTE,1
UNIVERSIDAD NACIONAL DE COLOMBIA,SWISS FEDERAL INSITITUTE OF TECHNOLOGY,1
UNIVERSIDAD NACIONAL DE COLOMBIA,FONDO DE LAS POBLACIONES UNIDAS,1
UNIVERSIDAD NACIONAL DE COLOMBIA,SMURFIT KAPPA,1
UNIVERSIDAD NACIONAL DE COLOMBIA,SERVICIO NACIONAL DE APRENDIZAJE SENA,1
UNIVERSIDAD NACIONAL DE COLOMBIA,PONTIFICIA UNIVERSIDAD JAVERIANA,1
UNIVERSIDAD NACIONAL DE COLOMBIA,POLITECNICO COLOMBIANO JAIME ISAZA CADAVID,1
UNIVERSIDAD NACIONAL DE COLOMBIA,MINISTERIO DE EDUCACION NACIONAL MINEDUCACION,1
UNIVERSIDAD NACIONAL DE COLOMBIA,MINISTERIO DE CIENCIA TECNOLOGIA E INNOVACION,1
UNIVERSIDAD NACIONAL DE COLOMBIA,INTERCONEXION ELECTRICA S A ISA,1
UNIVERSIDAD NACIONAL DE COLOMBIA,INSTITUTO NACIONAL DE SALUD PUBLICA,1
UNIVERSIDAD NACIONAL DE COLOMBIA,INSTITUTO GEOGRAFICO AGUSTIN CODAZZI,1
UNIVERSIDAD NACIONAL DE COLOMBIA,INSTITUCION UNIVERSITARIA PASCUAL BRAVO,1
UNIVERSIDAD NACIONAL DE COLOMBIA,GRUPO PARA EL CONTROL DE LA RESISTENCIA BACTERIANA BOGOTA,1
UNIVERSIDAD NACIONAL DE COLOMBIA,FUNDACION UNIVERSITARIA AGRARIA DE COLOMBIA,1
SERVICIO NACIONAL DE APRENDIZAJE SENA,SERVICIO NACIONAL DE APRENDIZAJE SENA CENTRO DE COMERCIO,1
SERVICIO NACIONAL DE APRENDIZAJE SENA,SERVICIO NACIONAL DE APRENDIZAJE SENA REGIONAL ATLANTICO,1
SERVICIO NACIONAL DE APRENDIZAJE SENA,SERVICIO NACIONAL DE APRENDIZAJE SENA REGIONAL GUAJIRA,1
CENTRO DE ESTUDIOS AVANZADOS NINEZ Y JUVENTUD UNIVERSIDAD DE MANIZALES CINDE,CENTRO DE INVESTIGACIONES UNIVERSIDAD DE MANIZALES,1
UNIVERSIDAD DEL VALLE,FUNDACION CATOLICA LUMEN GENTIUM,1
UNIVERSIDAD DEL VALLE,FUNDACION ABUNDANCIA DE CORAZON,1
UNIVERSIDAD DEL VALLE,ECOLE POLYTECHNIQUE FEDERALE DE LAUSANNE,1
UNIVERSIDAD DEL VALLE,CORPORACION UNIVERSITARIA MINUTO DE DIOS UNIMINUTO,1
UNIVERSIDAD DEL VALLE,CORPORACION UNIVERSITARIA DEL CARIBE CECAR,1
CENTRO DE EXCELENCIA EN NUEVOS MATERIALES CENM,UNIVERSIDAD DEL VALLE,1
UNIVERSIDAD SIMON BOLIVAR,UNIVERSIDAD LIBRE DE COLOMBIA,1
UNIVERSIDAD SIMON BOLIVAR,UNIVERSIDAD DE PAMPLONA,1
UNIVERSIDAD SIMON BOLIVAR,UNIVERSIDAD AUTONOMA DEL CARIBE,1
UNIVERSIDAD SIMON BOLIVAR,GRUPO DE INVESTIGACION EN PRODUCTOS NATURALES Y BIOQUIMICA DE MACROMOLECULA,1
UNIVERSIDAD SIMON BOLIVAR,CLINICA BAUTISTA,1
CENTRO DE ESTUDIOS CIENTIFICOS EN EDUCACION Y PEDAGOGIA,UNIVERSIDAD SIMON BOLIVAR,1
CENTRO DE ESTUDIOS AVANZADOS INSTITUTO VENEZOLANO DE INVESTIGACIONES CIENT,SOCIEDAD DE BIOFISICOS LATINOAMERICANOS,1
UNIVERSIDAD DEL VALLE,INSTITUT DE CIENCIA I TECNOLOGIA AMBIENTAL,1
FUNDACION UNIVERSIDAD DEL NORTE,UNIVERSITY OF FLORIDA,1
FUNDACION UNIVERSIDAD DEL NORTE,UNIVERSIDAD SIMON BOLIVAR,1
FUNDACION UNIVERSIDAD DEL NORTE,UNIVERSIDAD LIBRE DE COLOMBIA,1
FUNDACION UNIVERSIDAD DEL NORTE,UNIVERSIDAD DEL ATLANTICO,1
FUNDACION UNIVERSIDAD DEL NORTE,UNIVERSIDAD DE LA FONTERA,1
FUNDACION UNIVERSIDAD DEL NORTE,ORGANIZACION PANAMERICANA DE LA SALUD,1
FUNDACION UNIVERSIDAD DEL NORTE,INSTITUTO DE ESTUDIOS SUPERORES EN EDUCACION,1
FUNDACION UNIVERSIDAD DEL NORTE,INDIAN INSTITUTE OF ENTREPRENEURSHIP,1
FUNDACION UNIVERSIDAD DEL NORTE,FUNDACION OMACHA 6502,1
FUNDACION UNIVERSIDAD DEL NORTE,DIVISION DE HMANIDADES Y CIENCIAS SOCIALES,1
CENTRO DE CONSULTORIA Y SERVICIO,FUNDACION UNIVERSIDAD DEL NORTE,1
UNIVERSIDAD EIA,UNIVERSIDAD EAFIT,1
UNIVERSIDAD DEL VALLE,INGENIO MANUELITA,1
UNIVERSIDAD DEL VALLE,INSTITUTO NACIONAL DE CANCEROLOGIA ESE,1
UNIVERSIDAD DEL CAUCA,UNIVERSIDAD DE LOS LLANOS,1
UNIVERSIDAD TECNOLOGICA DE PEREIRA,PONTIFICIA UNIVERSIDAD JAVERIANA,1
UNIVERSIDAD DISTRITAL FRANCISCO JOSE DE CALDAS,UNIVERSIDAD DEL ATLANTICO,1
UNIVERSIDAD DISTRITAL FRANCISCO JOSE DE CALDAS,UNIVERSIDAD COLEGIO MAYOR DE CUNDINAMARCA,1
UNIVERSIDAD DISTRITAL FRANCISCO JOSE DE CALDAS,UNIVERSIDAD CATOLICA DE COLOMBIA,1
UNIVERSIDAD DISTRITAL FRANCISCO JOSE DE CALDAS,UFJC FACULTAD TECNOLOGICA,1
UNIVERSIDAD DISTRITAL FRANCISCO JOSE DE CALDAS,GRUPO RESERCA INSEGNAMENTO MATEMATICA,1
UNIVERSIDAD DISTRITAL FRANCISCO JOSE DE CALDAS,FUNDACION UNIVERSITARIA LOS LIBERTADORES,1
UNIVERSIDAD DISTRITAL FRANCISCO JOSE DE CALDAS,ESCUELA PEDAGOGICA EXPERIMETAL,1
CENTRO DE INVESTIGACION Y DESARROLLO TECNOLOGICO PARA LA INDUSTRIA ELECTRON,UNIVERSIDAD DISTRITAL FRANCISCO JOSE DE CALDAS,1
UNIVERSIDAD DE MEDELLIN,FUNDACION UNIVERSITARIA DEL AREA ANDINA,1
UNIVERSIDAD TECNOLOGICA DE PEREIRA,UNIVERSIDAD TECNOLOGICA DE PEREIRA UTP,1
UNIVERSIDAD TECNOLOGICA DE PEREIRA,UNIVERSIDAD DEL QUINDIO,1
UNIVERSIDAD TECNOLOGICA DE PEREIRA,UNIVERSIDAD DE LA AMAZONIA,1
UNIVERSIDAD TECNOLOGICA DE PEREIRA,MINISTERIO DE EDUCACION NACIONAL MINEDUCACION,1
UNIVERSIDAD DEL VALLE,PONTIFICIA UNIVERSIDAD JAVERIANA,1
UNIVERSIDAD TECNOLOGICA DE PEREIRA,INSTITUCION UNIVERSITARIA PASCUAL BRAVO,1
UNIVERSIDAD TECNOLOGICA DE PEREIRA,CORPORACION RED DE UNIVERSIDADES PUBLICAS DEL EJE CAFETERO ALMA MATER,1
CENTRO DE INVESTIGACION DOCENCIA Y CONSULTORIA ADMINISTRATIVA F CIDCA,UNIVERSIDAD TECNOLOGICA DE PEREIRA,1
UNIVERSIDAD DEL VALLE,UNIVERSITY OF UTAH,1
UNIVERSIDAD DEL VALLE,UNIVERSITY OF PITTSBURGH,1
UNIVERSIDAD DEL VALLE,UNIVERSITAT BREMEN,1
UNIVERSIDAD DEL VALLE,UNIVERSIDAD SANTIAGO DE CALI,1
UNIVERSIDAD DEL VALLE,UNIVERSIDAD MILITAR NUEVA GRANADA,1
UNIVERSIDAD DEL VALLE,UNIVERSIDAD DE SUCRE,1
UNIVERSIDAD DEL VALLE,UNIVERSIDAD DE SAO PABLO,1
UNIVERSIDAD DEL VALLE,UNIVERSIDAD AUTONOMA DE MANIZALES,1
UNIVERSIDAD DEL VALLE,RED LATINOAMERICANA DE CIENCIAS BIOLOGICAS,1
UNIVERSIDAD EIA,INTERNATIONAL RESEARCH INSTITUTE FOR CLIMATE AND SOCIETY COLUMBIA UNIV,1
UNIVERSIDAD DEL CAUCA,FUNDACION UNIVERSITARIA NAVARRA UNINAVARRA,1
SERVICIO NACIONAL DE APRENDIZAJE SENA,UNIVERSIDAD EAN,1
UNIVERSIDAD INDUSTRIAL DE SANTANDER,UNIVERSIDAD DE SANTANDER,1
UNIVERSIDAD AUTONOMA DE BUCARAMANGA,UNIDADES TECNOLOGICAS DE SANTANDER,1
"CENTRAL INSTITUTE OF MENTAL HEALTH, MANNHEIM,",UNIVERSIDAD AUTONOMA DE BUCARAMANGA,1
CAJA DE COMPENSACION FAMILIAR COMFENALCO VALLE,FUNDACION PARA LA PREVENCION DE LA DISCAPACIDAD FUNDIS,1
UNIVERSIDADE ESTADUAL PAULISTA JULIO DE MESQUITA FILHO,CORPORACION COLOMBIANA DE INVESTIGACION AGROPECUARIA AGROSAVIA,1
BIOTECNOLOGIA ALIMENTARIA,UNIVERSIDADE ESTADUAL PAULISTA JULIO DE MESQUITA FILHO,1
UNIVERSIDAD CES,UNIVERSIDAD EIA,1
UNIVERSIDAD CES,HOSPITAL PABLO TOBON URIBE,1
UNIVERSIDAD CES,COLGATE,1
UNIVERSIDAD CES,CENTRO DE INVESTIGACIONES DEL BANANO CENIBANANO,1
BAYLOR COLLEGE OF MEDICINE,UNIVERSIDAD CES,1
UNIVERSIDAD INDUSTRIAL DE SANTANDER,UNIVERSIDAD TECNOLOGICA DE PEREIRA,1
UNIVERSIDAD INDUSTRIAL DE SANTANDER,UNIVERSIDAD SANTO TOMAS,1
UNIVERSIDAD INDUSTRIAL DE SANTANDER,UNIVERSIDAD DE LA AMAZONIA,1
CENTRE EPIC INSTITUTO DE CARDIOLOGIA DE MONTREAL,UNIVERSIDAD PEDAGOGICA NACIONAL,1
UNIVERSIDAD INDUSTRIAL DE SANTANDER,UNIVERSIDAD AUTONOMA DE BUCARAMANGA,1
UNIVERSIDAD INDUSTRIAL DE SANTANDER,UNIVERSIDAD ANTONIO NARINO,1
UNIVERSIDAD INDUSTRIAL DE SANTANDER,UNIDADES TECNOLOGICAS DE SANTANDER,1
UNIVERSIDAD INDUSTRIAL DE SANTANDER,FUNDACION VALLE DEL LILI,1
UNIVERSIDAD INDUSTRIAL DE SANTANDER,FUNDACION UNIVERSIDAD DE AMERICA,1
UNIVERSIDAD INDUSTRIAL DE SANTANDER,FAC DE EDUCACION FISICA,1
UNIVERSIDAD INDUSTRIAL DE SANTANDER,CIUDAD DIGITAL ALCALDIA DE BUCARAMANGA,1
BARRY UNIVERSITY,UNIVERSIDAD INDUSTRIAL DE SANTANDER,1
AUTOMOTRIZ TRANSMAR DE CORTES S A DE C V,EMPRESAS UPAEP,1
ASTORGA,HELPHARMA IPS,1
UNIVERSIDAD AUTONOMA DE BARCELONA,UNIVERSIDAD DEL ATLANTICO,1
ASOCIACION PROBIENESTAR DE LA FAMILIA COLOMBIANA PROFAMILIA,UNIVERSIDAD AUTONOMA DE BARCELONA,1
UNIVERSIDAD AUTONOMA DE BUCARAMANGA,UNIVERSIDAD SANTO TOMAS,1
UNIVERSIDAD PEDAGOGICA NACIONAL,UNIVERSIDAD DEL ESTADO DE RIO DE JANEIRO,1
UNIVERSIDAD DE ANTIOQUIA,UNIVERSIDADE FEDERAL DE VICOSA,1
UNIVERSIDAD DE ANTIOQUIA,HOSPITAL LA FE ESPANA,1
UNIVERSIDAD DE ANTIOQUIA,UNIVERSIDAD POPULAR DEL CESAR,1
UNIVERSIDAD DE ANTIOQUIA,UNIVERSIDAD EL BOSQUE,1
UNIVERSIDAD DE ANTIOQUIA,UNIVERSIDAD DEL CAUCA,1
UNIVERSIDAD DE ANTIOQUIA,UNIVERSIDAD DE ALICANTE,1
UNIVERSIDAD DE ANTIOQUIA,UNIVERSIDAD COOPERATIVA DE COLOMBIA,1
UNIVERSIDAD DE ANTIOQUIA,UNIVERSIDAD ANTONIO NARINO,1
UNIVERSIDAD DE ANTIOQUIA,TECHNISCHE UNIVERSITAT DRESDEN INSTITUTE OF FOOD TECHNOLOGY AND BIOPROCESS,1
UNIVERSIDAD DE ANTIOQUIA,SOCIEDAD COLOMBIANA DE PEDIATRIA,1
UNIVERSIDAD DE ANTIOQUIA,PROGRAMA DE ESTUDIO Y CONTROL DE ENFERMEDADES TROPICALES,1
UNIVERSIDAD DE ANTIOQUIA,INSTITUTO NACIONAL MATERNO PERINATAL,1
UNIVERSIDAD DE ANTIOQUIA,INSTITUTO NACIONAL DE BIODIVERSIDAD,1
UNIVERSIDAD DE ANTIOQUIA,INSTITUTO COLOMBIANO DE MEDICINA TROPICAL UNIVERSIDAD CES,1
UNIVERSIDAD DE ANTIOQUIA,FUNDACION CUANGARE,1
UNIVERSIDAD PEDAGOGICA NACIONAL,UNIVERSIDAD EXTERNADO DE COLOMBIA,1
UNIVERSIDAD DE ANTIOQUIA,FACULTAD DE INGENIERIA UNIVERSIDAD DE ANTIOQUIA,1
UNIVERSIDAD DE ANTIOQUIA,FACULTAD DE DERECHO Y CIENCIAS POLITICAS UNIVERSIDAD DE ANTIOQUIQ,1
UNIVERSIDAD DE ANTIOQUIA,DEPARTAMENTO DE HISTORIA UNIVERSIDAD DE ANTIOQUIA,1
UNIVERSIDAD DE ANTIOQUIA,CORPORACION UNIVERSITARIA AMERICANA,1
UNIVERSIDAD DE ANTIOQUIA,CORPORACION PARQUE EXPLORA,1
UNIVERSIDAD DE ANTIOQUIA,CONSEJO NACIONAL DE EDUCACION SUPERIOR,1
UNIVERSIDAD DE ANTIOQUIA,COMPANIA NACIONAL DE CHOCOLATES SAS,1
UNIVERSIDAD DE ANTIOQUIA,CLINICA SAMEIN,1
CENTRO DE BIOINFORMATICA Y BIOLOGIA COMPUTACIONAL DE COLOMBIA,UNIVERSIDAD EIA,1
CENTRO DE BIOINFORMATICA Y BIOLOGIA COMPUTACIONAL DE COLOMBIA,UNIVERSIDAD DEL CAUCA,1
CENTRO DE BIOINFORMATICA Y BIOLOGIA COMPUTACIONAL DE COLOMBIA,UNIVERSIDAD DE ANTIOQUIA,1
CENTRO COLOMBO AMERICANO,SUPERIOR ENERGY SERVICES,1
UNIVERSITY OF CALIFORNIA DAVIS,UNIVERSITY OF OXFORD,1
