institucion,grado,grado_ponderado,betweenness
UNIVERSIDAD NACIONAL DE COLOMBIA,56,73,0.177169
UNIVERSIDAD DE ANTIOQUIA,34,45,0.111242
UNIVERSIDAD DE LOS ANDES,21,24,0.100712
PONTIFICIA UNIVERSIDAD JAVERIANA,19,23,0.079404
UNIVERSIDAD DEL VALLE,21,22,0.062857
UNIVERSIDAD SANTO TOMAS,19,20,0.063246
UNIVERSIDAD INDUSTRIAL DE SANTANDER,15,17,0.05059
FUNDACION UNIVERSIDAD DEL NORTE,14,16,0.044159
UNIVERSIDAD DE SAN BUENAVENTURA,13,15,0.059611
UNIVERSIDAD DISTRITAL FRANCISCO JOSE DE CALDAS,13,14,0.031595
UNIVERSIDAD DE LA SABANA,13,13,0.031483
UNIVERSIDAD EAFIT,9,11,0.021225
UNIVERSIDAD NACIONAL ABIERTA Y A DISTANCIA,10,11,0.017175
UNIVERSIDAD TECNOLOGICA DE PEREIRA,10,10,0.039739
UNIVERSIDAD PONTIFICIA BOLIVARIANA,9,10,0.016461
UNIVERSIDAD DE CARTAGENA,8,9,0.026059
UNIVERSIDAD DE MEDELLIN,7,9,0.011153
UNIVERSIDAD COOPERATIVA DE COLOMBIA,9,9,0.028315
UNIVERSIDAD LIBRE DE COLOMBIA,9,9,0.027229
UNIVERSIDAD DEL MAGDALENA,9,9,0.018256
UNIVERSIDAD EXTERNADO DE COLOMBIA,9,9,0.023759
UNIVERSIDAD ECCI,8,8,0.037361
CORPORACION UNIVERSIDAD DE LA COSTA,8,8,0.024203
COLEGIO MAYOR NUESTRA SENORA DEL ROSARIO,8,8,0.023509
SERVICIO NACIONAL DE APRENDIZAJE SENA,8,8,0.019587
UNIVERSIDAD SIMON BOLIVAR,8,8,0.026807
UNIVERSIDAD DE LOS LLANOS,6,7,0.005534
UNIVERSIDAD ANTONIO NARINO,7,7,0.025704
UNIVERSIDAD DEL ATLANTICO,7,7,0.018204
UNIVERSIDAD DE LA GUAJIRA,6,7,0.011284
UNIVERSIDAD EL BOSQUE,5,6,0.018086
UNIVERSIDAD DE CUNDINAMARCA,6,6,0.012856
UNIVERSIDAD DE PAMPLONA,6,6,0.014349
UNIVERSIDAD DEL QUINDIO,6,6,0.013653
FUNDACION UNIVERSITARIA DEL AREA ANDINA,6,6,0.007692
UNIVERSIDAD SERGIO ARBOLEDA,6,6,0.0141
UNIVERSIDAD SURCOLOMBIANA,6,6,0.011839
UNIVERSIDAD MILITAR NUEVA GRANADA,6,6,0.025365
UNIDADES TECNOLOGICAS DE SANTANDER,5,5,0.007467
INSTITUTO TECNOLOGICO METROPOLITANO DE MEDELLIN,3,5,0.006559
UNIVERSIDAD CES,5,5,0.013098
UNIVERSIDAD POPULAR DEL CESAR,5,5,0.010428
CORPORACION COLOMBIANA DE INVESTIGACION AGROPECUARIA AGROSAVIA,5,5,0.013134
CORPORACION UNIVERSITARIA MINUTO DE DIOS UNIMINUTO,5,5,0.010596
UNIVERSIDAD DEL SINU ELIAS BECHARA ZAINUM,5,5,0.013339
INSTITUTO NACIONAL DE SALUD,4,5,0.003931
UNIVERSIDAD AUTONOMA DE BUCARAMANGA,4,4,0.003618
UNIVERSIDAD DE LA AMAZONIA,4,4,0.003972
UNIVERSIDAD CENTRAL,3,4,0.000623
MINISTERIO DE CIENCIA TECNOLOGIA E INNOVACION,4,4,0.02305
UNIVERSIDAD CATOLICA DE MANIZALES,4,4,0.011574
FUNDACION UNIVERSITARIA AGRARIA DE COLOMBIA,4,4,0.003023
UNIVERSIDAD EIA,4,4,0.019546
UNIVERSIDAD DEL CAUCA,4,4,0.008264
POLITECNICO COLOMBIANO JAIME ISAZA CADAVID,4,4,0.008993
CENTRO DE BIOINFORMATICA Y BIOLOGIA COMPUTACIONAL DE COLOMBIA,4,4,0.031741
UNIVERSIDAD DE MANIZALES UMANIZALES,4,4,0.012879
UNIVERSIDAD PEDAGOGICA NACIONAL,4,4,0.006569
INSTITUTO DE INVESTIGACION DE RECURSOS BIOLOGICOS ALEXANDER VON HUMBOLDT,3,4,0.001984
UNIVERSIDAD AUTONOMA DEL CARIBE,4,4,0.009839
FUNDACION SANTA FE DE BOGOTA,4,4,0.006795
UNIVERSIDAD EAN,4,4,0.007337
UNIVERSIDAD DE SANTANDER,4,4,0.005022
CORPORACION UNIVERSITARIA AMERICANA,4,4,0.009839
UNIVERSIDAD CATOLICA DE COLOMBIA,4,4,0.005617
FUNDACION UNIVERSITARIA DE CIENCIAS DE LA SALUD FUCS,4,4,0.009839
UNIVERSITARIA AGUSTINIANA,3,3,0.007836
UNIVERSIDAD MANUELA BELTRAN,3,3,0.004589
UNIVERSIDAD DE LA SALLE,3,3,0.000849
FUNDACION UNIVERSITARIA LOS LIBERTADORES,3,3,0.004495
UNIVERSIDAD DE CALDAS,3,3,0.009829
UNIVERSIDAD AUTONOMA LATINOAMERICANA UNAULA,3,3,0.001322
UNIVERSIDAD DE SUCRE,3,3,0.004097
FUNDACION UNIVERSITARIA NAVARRA UNINAVARRA,3,3,0.003824
INSTITUTO TECNOLOGICO METROPOLITANO,2,3,0.00329
INSTITUTO UNIVERSITARIO DE LA PAZ INUPAZ,3,3,0.003618
UNIVERSIDAD LA GRAN COLOMBIA,3,3,0.00475
UNIVERSIDAD MARIANA UNIMAR,3,3,3e-05
INSTITUCION UNIVERSITARIA PASCUAL BRAVO,3,3,0.004143
INSTITUTO NACIONAL DE MEDICINA LEGAL Y CIENCIAS FORENSES,2,3,0.0
MINISTERIO DE EDUCACION NACIONAL MINEDUCACION,3,3,0.006468
INSTITUTO COLOMBIANO DEL PETROLEO,2,3,1e-05
UNIVERSIDAD SANTIAGO DE CALI,3,3,0.004186
UNIVERSIDAD DE CORDOBA,3,3,0.00471
CORPORACION UNIVERSITARIA DEL CARIBE CECAR,3,3,0.008059
UNIVERSIDAD PEDAGOGICA Y TECNOLOGICA DE COLOMBIA,3,3,3e-05
UNIVERSIDAD JORGE TADEO LOZANO,2,2,3e-05
UNIVERSIDAD DE CIENCIAS APLICADAS Y AMBIENTALES U D C A,2,2,3e-05
ECOPETROL S A,1,2,0.0
RED IBEROAMERICANA DE INDICADORES DE CIENCIAS Y TECNOLOGIA RICYT,1,2,0.0
UNIVERSIDAD TECNOLOGICA DEL CHOCO DIEGO LUIS CORDOBA,2,2,0.00329
UNIVERSIDAD DEL ROSARIO,2,2,0.00329
SECRETARIA DISTRITAL DE SALUD DE BOGOTA,2,2,0.00053
UNIVERSIDAD AUTONOMA DE COLOMBIA,2,2,1e-05
FUNDACION UNIVERSITARIA CERVANTES SAN AGUSTIN,2,2,0.000641
ESCUELA SUPERIOR DE ADMINISTRACION PUBLICA,2,2,0.000728
INSTITUTO CARO Y CUERVO,2,2,0.00329
INSTITUTO COLOMBIANO DE MEDICINA TROPICAL UNIVERSIDAD CES,2,2,0.00329
ESCUELA SUPERIOR DE GUERRA,2,2,4e-05
UNIVERSIDAD CATOLICA LUIS AMIGO,1,2,0.0
INSTITUCION PRESTADORA DE SERVICIOS DE SALUD UNIVERSIDAD DE ANTIOQUIA I P S UNIVERSITARIA,1,2,0.0
FEDERACION NACIONAL DE CAFETEROS DE COLOMBIA CENTRO NACIONAL DE INVESTIGACIONES DE CAFE CENICAFE,2,2,0.00329
INTEGRAL S A INGENIERIA TECNICA GENERAL S A INGENIEROS CONSULTORES,2,2,0.00329
FUNDACION UNIVERSITARIA JUAN DE CASTELLANOS,2,2,0.00073
UNIVERSITY OF PITTSBURGH,2,2,0.000275
ESCUELA NAVAL DE CADETES ALMIRANTE PADILLA,2,2,0.00329
FUNDACION VALLE DEL LILI,2,2,0.000352
CLINICA COLSANITAS S A,2,2,0.00329
FUNDACION UNIVERSIDAD DE AMERICA,2,2,0.000968
ASOCIACION COLOMBIANA PARA EL AVANCE DE LA CIENCIA ACAC,2,2,0.000796
UNIVERSIDAD TECNOLOGICA DE BOLIVAR,2,2,1e-05
UNIVERSIDAD ICESI,2,2,0.001086
CORPORACION UNIVERSITARIA DEL HUILA,2,2,0.00128
UNIVERSIDAD DE ORIENTE,2,2,0.004783
UNIVERSIDAD AUTONOMA DE BARCELONA,2,2,0.00329
UNIVERSIDAD DE LA GUAJIRA UNIGUAJIRA,1,2,0.0
UNIVERSIDAD FRANCISCO DE PAULA SANTANDER,2,2,0.000718
FUNDACION DE ESTUDIOS SUPERIORES COMFANORTE,2,2,0.001697
UNIVERSIDADE ESTADUAL PAULISTA JULIO DE MESQUITA FILHO,2,2,0.00329
VEDAS CORPORACION DE INVESTIGACION E INNOVACION,1,2,0.0
TECNOLOGICO DE ANTIOQUIA INSTITUCION UNIVERSITARIA,2,2,1e-05
UNIVERSIDAD CATOLICA DE ORIENTE,2,2,0.00805
FUNDACION CENTRO INTERNACIONAL DE EDUCACION Y DESARROLLO HUMANO CINDE,2,2,0.00329
UNIVERSIDAD METROPOLITANA,2,2,0.00329
SERVICIO GEOLOGICO COLOMBIANO,2,2,0.00063
MINISTERIO DE SALUD Y PROTECCION SOCIAL,2,2,0.000455
INSTITUTO NACIONAL DE SALUD PUBLICA,1,1,0.0
INSTITUTO COLOMBIANO DE MEDICINA TROPICAL INSTITUTO DE CIENCIAS DE LA SALUD CES,1,1,0.0
INSTITUTO NACIONAL DE CANCEROLOGIA ESE,1,1,0.0
INSTITUTO NACIONAL DE BIODIVERSIDAD,1,1,0.0
INSTITUTO GEOGRAFICO AGUSTIN CODAZZI,1,1,0.0
UNIVERSITAT POLITECNICA DE VALENCIA,1,1,0.0
INSTITUTO DE INGENIERIA DE ALIMENTOS PARA EL DESARROLLO,1,1,0.0
ABOGADO LITIGANTE,1,1,0.0
PONTIFICIA UNIVERSIDAD CATOLICA DE CHILE,1,1,0.0
INSTITUTO AMAZONICO DE INVESTIGACIONES CIENTIFICAS SINCHI,1,1,0.0
HOSPITAL LA FE ESPANA,1,1,0.0
HOSPITAL FERNANDO TROCONIS,1,1,0.0
MUSEO NACIONAL DE COLOMBIA,1,1,0.0
HAERENTIA,1,1,0.0
GRUPO RESERCA INSEGNAMENTO MATEMATICA,1,1,0.0
GRUPO PARA EL CONTROL DE LA RESISTENCIA BACTERIANA BOGOTA,1,1,0.0
GRUPO DE INVESTIGACION EN PRODUCTOS NATURALES Y BIOQUIMICA DE MACROMOLECULA,1,1,0.0
LOGYCAINVESTIGACION,1,1,0.0
GRUPO DE ENFOQUE EN ENERGIA Y CAMBIO CLIMATICO,1,1,0.0
GOBERNACION DE LA GUAJIRA,1,1,0.0
GESATH OUTSOURCING SAS,1,1,0.0
GENIUS SPORTS SERVICES COLOMBIA SAS,1,1,0.0
FUNDACION UNIVERSITARIA SAN MATEO EDUCACION SUPERIOR,1,1,0.0
UNIVERSIDAD FEDERAL RIO GRANDE DEL NORTE,1,1,0.0
FUNDACION UNIVERSITARIA KONRAD LORENZ,1,1,0.0
HOSPITAL PABLO TOBON URIBE,1,1,0.0
HOSPITAL UNIVERSITARIO DE BARRANQUILLA,1,1,0.0
HOSPITAL UNIVERSITARIO SAN IGNACIO,1,1,0.0
INSTITUCION EDUCATIVA TENICO INDUSTRIAL DIEZ DE MAYO,1,1,0.0
INSTITUTE OF MACROMOLECULAR CHEMISTRY PETRU PONI,1,1,0.0
INSTITUT DE CIENCIA I TECNOLOGIA AMBIENTAL,1,1,0.0
SHANGHAI UNITED INTERNATIONAL SCHOOL WANYUAN,1,1,0.0
INSTITUCION UNIVERSITARIA COLOMBO AMERICANA,1,1,0.0
INSTITUCION UNIVERSITARIA CENTRO DE ESTUDIOS SUPERIORES MARIA GORETTI CESMAG,1,1,0.0
INSTITUTO TOBIAS EMANUEL,1,1,0.0
INSTITUCION EDUCATIVA JOSE ANTONIO GALAN,1,1,0.0
SEMILLERO DE NEUROCIENCIAS Y ENVEJECIMIENTO DE LA PUJ BOGOTA,1,1,0.0
INSTITUCION EDUCATIVA DISTRITAL SIMON RODRIGUEZ,1,1,0.0
INSTITUCION DEPARTAMENTAL SAN JOSE DE PUEBLOVIEJO,1,1,0.0
INGENIO MANUELITA,1,1,0.0
INSTITUTO NACIONAL DE VIAS,1,1,0.0
INDEPENDIENTE,1,1,0.0
IEBS BUSSINESS SCHOOL,1,1,0.0
INGENIERA STRYCON LTDA,1,1,0.0
SECRETARIA DE EDUCACION DEPARTAMENTAL DE BOYACA,1,1,0.0
INSTITUTO NACIONAL MATERNO PERINATAL,1,1,0.0
INSTITUTO TECNICO DE ALTA TECNOLOGIA,1,1,0.0
UNIVERSITY OF DELAWARE,1,1,0.0
UNIVERSIDAD DE DELAWARE,1,1,0.0
UNIVERSIDAD DE NARINO,1,1,0.0
UNIVERSIDAD DE CUNDINAMARCA FGGA,1,1,0.0
UNIVERSIDAD FRANCISCO DE PAULA SANTANDER OCANA,1,1,0.0
UNIVERSIDAD DE CASTILLA LA MANCHA,1,1,0.0
UNIVERSIDAD DEL NORTE,1,1,0.0
UNIVERSIDADE FEDERAL DE VICOSA,1,1,0.0
UNIVERSIDAD DE ALICANTE,1,1,0.0
UNIVERSIDAD COLEGIO MAYOR DE CUNDINAMARCA,1,1,0.0
UNIVERSIDAD CESMAG,1,1,0.0
UNIVERSIDAD CATOLICA DE PEREIRA,1,1,0.0
UNIVERSIDAD AUTONOMA DE MANIZALES,1,1,0.0
UNIVERSIDAD AUTONOMA DE BARRANQUILLA,1,1,0.0
UNIVERSIDAD AUTONOMA DE BAJA CALIFORNIA SUR,1,1,0.0
UFJC FACULTAD TECNOLOGICA,1,1,0.0
THE UNIVERSITY OF NORTH CAROLINA AT GREENSBORO,1,1,0.0
TESLAB GEO AMBIENTAL,1,1,0.0
TEMPLE UNIVERSITY,1,1,0.0
UNIVERSIDAD PRIVADA DR RAFAEL BELLOSO CHACIN,1,1,0.0
TECHNISCHE UNIVERSITAT DRESDEN INSTITUTE OF FOOD TECHNOLOGY AND BIOPROCESS,1,1,0.0
UNIVERSIDAD DE IBAGUE,1,1,0.0
UNIVERSIDAD DE ILINOIS,1,1,0.0
UNIVERSITY OF MISSOURI COLUMBIA USA,1,1,0.0
UNIVERSIDAD NACIONAL ABIERTA YA DISTANCIA,1,1,0.0
UNIVERSITY OF CALIFORNIA DAVIS,1,1,0.0
UNIVERSIDAD TECNOLOGICA DE PEREIRA UTP,1,1,0.0
VENTURA FONTAN FONTAN Y CIA S C S,1,1,0.0
UNIVERSIDAD PILOTO,1,1,0.0
UNIVERSIDAD PEDAGOGICA Y TECNOLOGICA DE COLOMBIA UPTC,1,1,0.0
XM COMPANIA DE EXPERTOS EN MERCADOS S A E S P,1,1,0.0
UNIVERSITAT DE VALENCIA,1,1,0.0
UNIVERSIDADE ESTADUAL DE CAMPINAS,1,1,0.0
UNIVERSIDAD POLITECNICA DE MADRID,1,1,0.0
UNIVERSIDAD NACIONAL ABIERTA Y A DISTANCIA UNAD,1,1,0.0
UNIVERSIDAD PEDAGOGICA Y EXPERIMENTAL EL LIBERTADOR,1,1,0.0
UNIVERSIDAD ESTADUAL PAULISTA JULIO MESTQUITA FILHO,1,1,0.0
UNIVERSIDAD PEDAGOGICA NACIONAL DE COLOMBIA,1,1,0.0
UNIVERSITY OF UTAH,1,1,0.0
UNIVERSITAT BREMEN,1,1,0.0
WILDLIFE CONSERVATION SOCIETY,1,1,0.0
UNIVERSIDAD NACIONAL AUTONOMA DE MEXICO,1,1,0.0
UNIVERSIDAD DEL ESTADO DE RIO DE JANEIRO,1,1,0.0
UNIVERSIDAD DE VIGO,1,1,0.0
UNIVERSIDAD DE SAO PABLO,1,1,0.0
TECHNICAL UNIVERSITY OF DENMARK,1,1,0.0
TEAM FOODS COLOMBIA S A ACEITES Y GRASAS VEGETALES S A,1,1,0.0
SWISS FEDERAL INSITITUTE OF TECHNOLOGY,1,1,0.0
UNIVERSIDAD DE LA LAGUNA,1,1,0.0
UNIVERSITE LAVAL,1,1,0.0
MURDOCH CHILDRENS RESEARCH INSTITUTE,1,1,0.0
VU MEDICAL CENTER,1,1,0.0
UNIVERSIDAD DE PUERTO RICO,1,1,0.0
MICHIGAN STATE UNIVERSITY,1,1,0.0
UNIVERSITE DE MONTREAL,1,1,0.0
MCGILL UNIVERSITY,1,1,0.0
MASSACHUSETTS INSTITUTE OF TECHNOLOGY,1,1,0.0
MACIAS GOMEZ ABOGADOS,1,1,0.0
LYCEE HAUTE FOLLIS,1,1,0.0
NEWCASTLE UNIVERSITY,1,1,0.0
LATINOAMERICANA DE EDUCACION INVESTIGACION Y TECNOLOGIA,1,1,0.0
LABORATORIO CLINICO SANTA LUCIA,1,1,0.0
LABORATORIO CLINICO CLINICA GENERAL DEL NORTE,1,1,0.0
JUNTA REGIONAL DE CALIFICACION DE INVALIDEZ REGIONAL NARINO,1,1,0.0
INTERNATIONAL RESEARCH INSTITUTE FOR CLIMATE AND SOCIETY COLUMBIA UNIV,1,1,0.0
INTERCONEXION ELECTRICA S A ISA,1,1,0.0
INTER AMERICAN DEVELOPMENT BANK,1,1,0.0
UNIDAD MUNICIPAL DE ASISTENCIA TECNICA AGROPECUARIA,1,1,0.0
RYMEL INGENIERIA ELECTRICA S A S,1,1,0.0
NEOTROPICAL ORNITHOLOGICAL SOCIETY,1,1,0.0
ORGANIZACION SER HUMANO S A S,1,1,0.0
SOCIEDAD COLOMBIANA DE PEDIATRIA,1,1,0.0
PVG ARQUITECTOS SAS,1,1,0.0
SMURFIT KAPPA,1,1,0.0
SERVICIO NACIONAL DE APRENDIZAJE SENA REGIONAL GUAJIRA,1,1,0.0
SERVICIO NACIONAL DE APRENDIZAJE SENA REGIONAL ATLANTICO,1,1,0.0
SERVICIO NACIONAL DE APRENDIZAJE SENA CENTRO DE COMERCIO,1,1,0.0
SECRETARIA DE EDUCACION DISTRITAL COLEGIO SAN BERNARDINO IED,1,1,0.0
S S TECNOLOGIA Y SERVICIO,1,1,0.0
RED LATINOAMERICANA DE CIENCIAS BIOLOGICAS,1,1,0.0
RED DE UNIVERSIDADES DEL DOCTORADO EN CIENCIAS DE LA EDUCACION,1,1,0.0
R R INVESTIGACIONES Y CONSULTORIA LIMITADA,1,1,0.0
PROVINCIA SAN LUIS BERTRAN DE COLOMBIA,1,1,0.0
PERSEUS ALLIANZ,1,1,0.0
PROGRAMA INGENIERIA CIVIL UNIVERSIDAD DE MEDELLIN,1,1,0.0
PROGRAMA DE ESTUDIO Y CONTROL DE ENFERMEDADES TROPICALES,1,1,0.0
PROGRAMA DE ADMINISTRACION Y GESTION AMBIENTAL,1,1,0.0
UNIVERSIDAD DEL TOLIMA,1,1,0.0
THE UNIVERSITY OF SYDNEY,1,1,0.0
PROGRAMA DE LAS NACIONES UNIDAS PARA EL DESARROLLO,1,1,0.0
PONTIFICIA UNIVERSIDAD CATOLICA DE VALPARAISO,1,1,0.0
ROBERTET ANDINA,1,1,0.0
POLYAROMAS SAS,1,1,0.0
FUNDACION UNIVERSITARIA DE POPAYAN,1,1,0.0
MINISTERIO DE DEFENSA NACIONAL MINDEFENSA,1,1,0.0
SOCIEDAD DE CIRUGIA DE BOGOTA HOSPITAL DE SAN JOSE,1,1,0.0
CENTRO DE INVESTIGACIONES UNIVERSIDAD DE MANIZALES,1,1,0.0
CLADEA,1,1,0.0
CIUDAD DIGITAL ALCALDIA DE BUCARAMANGA,1,1,0.0
CENTRO NACIONAL DE INVESTIGACIONES DE CAFE,1,1,0.0
CENTRO NACIONAL DE INVESTIGACIONES CARDIOVASCULARES CARLOS LLERAS RESTREPO,1,1,0.0
HOSPITAL UNIVERSITARIO DEL VALLE EVARISTO GARCIA E S E,1,1,0.0
CENTRO MEDICO IMBANACO DE CALI SA,1,1,0.0
CENTRO INCA,1,1,0.0
UNIVERSIDAD NACIONAL DE QUILMES ARGENTINA,1,1,0.0
CENTRO DE LA INNOVACION LA AGROINDUSTRIA Y EL TURISMO,1,1,0.0
CENTRO DE INVESTIGACIONES UNIVERSIDAD MANUELA BELTRAN C I U M B,1,1,0.0
CENTRO DE INVESTIGACIONES EN TECNOLOGIAS AMBIENTALES CITA,1,1,0.0
CENTRO DE INVESTIGACIONES DEL BANANO CENIBANANO,1,1,0.0
CENTRO DE INVESTIGACION Y DESARROLLO TECNOLOGICO PARA LA INDUSTRIA ELECTRON,1,1,0.0
FUNDACION CIENTIFICA SIETE,1,1,0.0
CENTRO DE INVESTIGACION INNOVACION Y DESARROLLO,1,1,0.0
CENTRO DE INVESTIGACION DOCENCIA Y CONSULTORIA ADMINISTRATIVA F CIDCA,1,1,0.0
CENTRO DE INGENIERIA AVANZADA INVESTIGACION Y DESARROLLO,1,1,0.0
CENTRO DE GESTION Y DESARROLLO SOSTENIBLE SURCOLOMBIANO,1,1,0.0
CENTRO DE EXCELENCIA EN NUEVOS MATERIALES CENM,1,1,0.0
CLINICA BAUTISTA,1,1,0.0
CLINICA SALUDCOOP,1,1,0.0
CLINICA SAMEIN,1,1,0.0
COMPANIA GENERAL DE ACEROS S A,1,1,0.0
CONSORCIO PARA LA INVESTIGACION CIENTIFICA CAUCASECO,1,1,0.0
CONSERVATION INTERNATIONAL COLOMBIA,1,1,0.0
CONSEJO NACIONAL DE INVESTIGACIONES CIENTIFICAS Y TECNICAS,1,1,0.0
CONSEJO NACIONAL DE EDUCACION SUPERIOR,1,1,0.0
CONSEJO LATINOAMERICANO DE CIENCIAS SOCIALES CLACSO,1,1,0.0
CONCEJO DE BOGOTA,1,1,0.0
COMPANIA NACIONAL DE CHOCOLATES SAS,1,1,0.0
RESEARCH FOR TALENT,1,1,0.0
HERES AVOCATS,1,1,0.0
CLINICA UNIVERSITARIA TELETON,1,1,0.0
COMITE NATIONAL DES CONSEILLERS DU COMMERCE EXTERIEUR DE LA FRANCE,1,1,0.0
COLGATE,1,1,0.0
CORPORACION COLOMBIANA DEL SABER CIENTIFICO SCIO,1,1,0.0
COLEGIO SANTOS APOSTOLES,1,1,0.0
FUNDACION CARDIOINFANTIL INSTITUTO DE CARDIOLOGIA,1,1,0.0
CORPORACION PARA INVESTIGACIONES BIOLOGICAS,1,1,0.0
COLEGIO DE SANTANDER,1,1,0.0
COLEGIO COLOMBIANO DE EDUCADORES FISICOS Y PROFESIONES AFINES,1,1,0.0
CENTRO DE ESTUDIOS CIENTIFICOS EN EDUCACION Y PEDAGOGIA,1,1,0.0
CENTRO DE ESTUDIOS AVANZADOS NINEZ Y JUVENTUD UNIVERSIDAD DE MANIZALES CINDE,1,1,0.0
HOSPITAL INFANTIL NAPOLEON FRANCO PAREJA,1,1,0.0
SOCIEDAD DE BIOFISICOS LATINOAMERICANOS,1,1,0.0
ASOCIACION PANAMERICANA OTORRINOLARINGOLOGIA CABEZA Y CUELLO,1,1,0.0
ASOCIACION DE MUNICIPIOS DELOS DEPARTAMENTOS DE CORDOBA Y SUCRE,1,1,0.0
ASOCIACION COLOMBIANA PYME,1,1,0.0
INSTITUTO DEL CORAZON,1,1,0.0
ASOCIACION COLOMBIANA DE MEDICINA INTERNA ACMI,1,1,0.0
ASOCIACION COLOMBIANA DE INFECTOLOGIA,1,1,0.0
ASOCIACION COLOMBIANA DE FACULTADES DE INGENIERIA ACOFI,1,1,0.0
ASOCIACION COLOMBIANA DE CRIADORES DE BUFALOS ACB,1,1,0.0
ASESORES CONSULTORES E INTERVENTORES MACIAS SAS,1,1,0.0
ARQUITECTURA,1,1,0.0
ARMADA NACIONAL DE COLOMBIA BOGOTA,1,1,0.0
ARISTIZABAL OCHOA INGENIEROS ASESORES,1,1,0.0
CENTRE DE RECHERCHE HICSA HISTOIRE CULTURELLE ET SOCIALE DES ARTS EA 4100 UNIVERSITE PARIS 1 PANTHEONSORBONNE,1,1,0.0
ARCHIVES DEPARTEMENTALES DE LA MANCHE,1,1,0.0
APIARIOS EL PINAR CIA LTDA,1,1,0.0
ANADARKO COLOMBIA COMPANY SUCURSAL COLOMBIA,1,1,0.0
AMERICANA DE TRENZADOS,1,1,0.0
ALEPH INGENIEROS CONSULTORES,1,1,0.0
ACADEMIA DE MEDICINA DE CALDAS,1,1,0.0
SOCIEDAD COLOMBIANA DE OTORRINOLARINGOLOGIA,1,1,0.0
ASOCIACION PISCICOLA EL VERGEL,1,1,0.0
ASOCIACION PROBIENESTAR DE LA FAMILIA COLOMBIANA PROFAMILIA,1,1,0.0
FUNDACION PARA LA PREVENCION DE LA DISCAPACIDAD FUNDIS,1,1,0.0
CENTRO DE ESTUDIOS AVANZADOS INSTITUTO VENEZOLANO DE INVESTIGACIONES CIENT,1,1,0.0
CENTRO DE DESARROLLO TECNOLOGICO DE ASISTENCIA TECNICA A LA INDUSTRIA SENA ASTIN,1,1,0.0
CENTRO DE CONSULTORIA Y SERVICIO,1,1,0.0
SUPERIOR ENERGY SERVICES,1,1,0.0
CENTRO COLOMBO AMERICANO,1,1,0.0
CENTRE EPIC INSTITUTO DE CARDIOLOGIA DE MONTREAL,1,1,0.0
"CENTRAL INSTITUTE OF MENTAL HEALTH, MANNHEIM,",1,1,0.0
CELBIT LTDA,1,1,0.0
CAJA DE COMPENSACION FAMILIAR COMFENALCO VALLE,1,1,0.0
ASTORGA,1,1,0.0
BIOTECNOLOGIA ALIMENTARIA,1,1,0.0
BIOGEOECO,1,1,0.0
BIO SAFE,1,1,0.0
BAYLOR COLLEGE OF MEDICINE,1,1,0.0
BARRY UNIVERSITY,1,1,0.0
EMPRESAS UPAEP,1,1,0.0
AUTOMOTRIZ TRANSMAR DE CORTES S A DE C V,1,1,0.0
HELPHARMA IPS,1,1,0.0
FUNDACION CENTRO DE PRIMATES,1,1,0.0
CORLANC S A S,1,1,0.0
SUMICOL SAS,1,1,0.0
CORPOBIOTICA CORPORACION PARA EL DESARROLLO INVESTIGACION Y APLICACION,1,1,0.0
FUNDACION CATOLICA LUMEN GENTIUM,1,1,0.0
FUNDACION UNIVERSITARIA BARCELO,1,1,0.0
FUNDACION CARDIOVASCULAR DE COLOMBIA FLORIDABLANCA,1,1,0.0
FUNDACION ABUNDANCIA DE CORAZON,1,1,0.0
FUNDACIAN KOBB,1,1,0.0
FUERZA AEREA COLOMBIANA,1,1,0.0
FORMAR INNOVAR COLEGIO CAMPESTRE,1,1,0.0
FONDO DE LAS POBLACIONES UNIDAS,1,1,0.0
FEDERACION COLOMBIANA DE GANADEROS,1,1,0.0
FEDERACION ANDINA DE ASOCIACIONES NACIONALES DE EDUCACION SUPERIOR EN CIENC,1,1,0.0
FACULTAD DE INGENIRRIA,1,1,0.0
FACULTAD DE INGENIERIA UNIVERSIDAD DE ANTIOQUIA,1,1,0.0
FACULTAD DE DERECHO Y CIENCIAS POLITICAS UNIVERSIDAD DE ANTIOQUIQ,1,1,0.0
FAC DE EDUCACION FISICA,1,1,0.0
UNIVERSIDAD DE BARCELONA,1,1,0.0
ESE CLINICA MATERNIDAD RAFAEL CALVO,1,1,0.0
INSTITUCION UNIVERSITARIA COLEGIOS DE COLOMBIA UNICOC ANTES COLEGIO ODONTOLOGICO COLOMBIANO,1,1,0.0
ESCUELA SUPERIOR DE OFTALMOLOGIA DEL INSTITUTO BARRAQUER DE AMERICA,1,1,0.0
ESCUELA SUPERIOR DE ADMINISTRACION PUBLICA ESAP,1,1,0.0
FUNDACION INFANCIA Y APRENDIZAJE,1,1,0.0
FUNDACION CHELONIA COLOMBIA,1,1,0.0
FUNDACION CUANGARE,1,1,0.0
HOSPITAL UNIVERSITARIO CLINICA SAN RAFAEL,1,1,0.0
FUNDACION UNIVERSITARIA COMFAMILIAR RISARALDA,1,1,0.0
INSTITUCION UNIVERSITARIA COLEGIO MAYOR DE ANTIOQUIA,1,1,0.0
FUNDACION UNIVERSITARIA AUTONOMA DE LAS AMERICAS,1,1,0.0
UNIVERSITY OF FLORIDA,1,1,0.0
UNIVERSIDAD DE LA FONTERA,1,1,0.0
ORGANIZACION PANAMERICANA DE LA SALUD,1,1,0.0
INSTITUTO DE ESTUDIOS SUPERORES EN EDUCACION,1,1,0.0
INDIAN INSTITUTE OF ENTREPRENEURSHIP,1,1,0.0
FUNDACION UNIVERITARIA JUAN N CORPAS,1,1,0.0
FUNDACION DE EDUCACION SUPERIOR SAN JOSE,1,1,0.0
FUNDACION REIKI MANOS DE LUZ,1,1,0.0
FUNDACION OMACHA 6502,1,1,0.0
FUNDACION NATURA COLOMBIA,1,1,0.0
FUNDACION INSTITUTO NEUROLOGICO DE COLOMBIA,1,1,0.0
FUNDACION INSTITUTO DE ESTUDIOS POLITICOS Y RELACIONES INTERNACIONALES AMIGOS DEL IEPRI,1,1,0.0
FUNDACION HUMEDALES,1,1,0.0
FUNDACION FUTURO COLOMBIANO,1,1,0.0
XERES LO SAS,1,1,0.0
ESCUELA PEDAGOGICA EXPERIMETAL,1,1,0.0
ESCUELA NORMAL SUPERIOR MARIA AUXILIADORA DE VILLAPINZON,1,1,0.0
ESCUELA NORMAL SUPERIOR DEL QUNDIO,1,1,0.0
CORPORACION UNIVERSIDAD DE INVESTIGACION Y DESARROLLO,1,1,0.0
CORPORACION UNIVERSITARIA COMFACAUCA UNICOMFACAUCA,1,1,0.0
CORPORACION UNIVERSITARIA AUTONOMA DE NARINO,1,1,0.0
ROCCAP SAS,1,1,0.0
CORPORACION UNIVERSITARIA EMPRESARIAL DE SALAMANCA,1,1,0.0
CORPORACION UNIVERSITARIA ADVENTISTA,1,1,0.0
QUADRANTI INGENIERIA SAS,1,1,0.0
INSTITUCION UNIVERSITARIA ITSA,1,1,0.0
GRUPO DE INVESTIGACION EN PSICOLOGIA,1,1,0.0
CORPORACION UNIFICADA NACIONAL DE EDUCACION SUPERIOR,1,1,0.0
INSTITUCION EDUCATIVA TECNICA INDUSTRIAL DE SOLEDAD MARIA AUXILIADORA,1,1,0.0
CORPORACION UNIFICADA DE EDUCACION SUPERIOR CUN,1,1,0.0
CORPORACION RED DE UNIVERSIDADES PUBLICAS DEL EJE CAFETERO ALMA MATER,1,1,0.0
CORPORACION PARQUE EXPLORA,1,1,0.0
CORPORACION PARA LA INVESTIGACION ETNOMUSICAL SON DE NEGRO,1,1,0.0
UNIVERSIDAD INDUSTRIAL DE SANTANDER ESCUELA DE FILOSOFIA,1,1,0.0
CORPORACION BUCARAMANGA EMPRENDEDORA LUIS CARLOS GALAN SARMIENTO INCUBADORA DE EMPRESAS DE BASE TECNOLOGICA C B E,1,1,0.0
UNIVERSITY OF FREIBURG,1,1,0.0
CORPORACION AUTONOMA REGIONAL DEL VALLE DEL CAUCA CVC,1,1,0.0
CORPORACION UNIVERSITARIA DE LA COSTA,1,1,0.0
CORPORACION UNIVERSITARIA EMPRESARIAL ALEXANDER VON HUMBOLDT,1,1,0.0
FISCALIA GENERAL DE LA NACION,1,1,0.0
ELSAMEX INTERNACIONAL SUCURSAL COLOMBIA,1,1,0.0
ESCUELA NACIONAL DE POLICIA GENERAL SANTANDER,1,1,0.0
ESCUELA NACIONAL DE CIENCIAS BIOLOGICAS,1,1,0.0
ESCUELA DE NUTRICION Y DIETETICA UNIVERSIDAD DE ANTIOAUIA,1,1,0.0
FUNDACION HOSPITALARIA SAN VICENTE DE PAUL,1,1,0.0
ESCUELA DE MICROBIOLOGIA UDEA,1,1,0.0
ESCUELA COLOMBIANA DE INGENIERIA JULIO GARAVITO,1,1,0.0
ESCUELA COLOMBIANA DE CARRERAS INDUSTRIALES,1,1,0.0
ESCRITORIO JURIDICO NORONO SANCHEZ TREJO S C,1,1,0.0
ECOLE POLYTECHNIQUE FEDERALE DE LAUSANNE,1,1,0.0
CORPORACION UNIVERSITARIA IBEROAMERICANA,1,1,0.0
DIVISION DE HMANIDADES Y CIENCIAS SOCIALES,1,1,0.0
POLICIA NACIONAL DE COLOMBIA,1,1,0.0
DIRECCION NACIONAL DE ESCUELAS POLICIA NACIONAL DE COLOMBIA,1,1,0.0
DIRECCION GENERAL PARA LA PREVENCION Y ATENCION DE DESASTRES,1,1,0.0
DEPARTAMENTO DE HISTORIA UNIVERSIDAD DE ANTIOQUIA,1,1,0.0
DEPARTAMENTO ADMINISTRATIVO DEL MEDIO AMBIENTE,1,1,0.0
CORPORACION UNIVERSITARIA REMINGTON,1,1,0.0
SECRETARIA DE EDUCACION DEL DISTRITO,1,1,0.0
UNIVERSITY OF OXFORD,1,1,0.0
