ID_PERSONA_PR,ANO_CONVO_INT,inst_a,inst_b
74,2019,PONTIFICIA UNIVERSIDAD JAVERIANA,UNIVERSIDAD COOPERATIVA DE COLOMBIA
1023,2019,UNIVERSIDAD DE CARTAGENA,UNIVERSIDAD DEL VALLE
1071,2019,CORPORACION UNIVERSITARIA ADVENTISTA,UNIVERSIDAD COOPERATIVA DE COLOMBIA
1546,2019,SWISS FEDERAL INSITITUTE OF TECHNOLOGY,UNIVERSIDAD NACIONAL DE COLOMBIA
1948,2019,UNIVERSIDAD DE LA AMAZONIA,UNIVERSIDAD INDUSTRIAL DE SANTANDER
3882,2019,HOSPITAL UNIVERSITARIO DE BARRANQUILLA,UNIVERSIDAD METROPOLITANA
3925,2019,MINISTERIO DE SALUD Y PROTECCION SOCIAL,SECRETARIA DISTRITAL DE SALUD DE BOGOTA
4480,2019,CENTRO NACIONAL DE INVESTIGACIONES DE CAFE,FEDERACION NACIONAL DE CAFETEROS DE COLOMBIA CENTRO NACIONAL DE INVESTIGACIONES DE CAFE CENICAFE
4690,2019,THE UNIVERSITY OF NORTH CAROLINA AT GREENSBORO,UNIVERSIDAD EAFIT
4869,2019,ORGANIZACION SER HUMANO S A S,PERSEUS ALLIANZ
6174,2019,UNIVERSIDAD TECNOLOGICA DE PEREIRA,UNIVERSIDAD TECNOLOGICA DE PEREIRA UTP
8320,2019,CENTRO NACIONAL DE INVESTIGACIONES CARDIOVASCULARES CARLOS LLERAS RESTREPO,UNIVERSIDAD DE LOS ANDES
8419,2019,ASOCIACION COLOMBIANA DE FACULTADES DE INGENIERIA ACOFI,UNIVERSIDAD DE LOS ANDES
9445,2019,MINISTERIO DE SALUD Y PROTECCION SOCIAL,UNIVERSIDAD DE LOS LLANOS
10499,2019,INTER AMERICAN DEVELOPMENT BANK,UNIVERSIDAD DE LOS ANDES
14476,2019,CENTRO DE GESTION Y DESARROLLO SOSTENIBLE SURCOLOMBIANO,UNIVERSIDAD NACIONAL DE COLOMBIA
15143,2019,UNIVERSIDAD SANTO TOMAS,UNIVERSITARIA AGUSTINIANA
15259,2019,SERVICIO NACIONAL DE APRENDIZAJE SENA,SERVICIO NACIONAL DE APRENDIZAJE SENA REGIONAL ATLANTICO
16509,2019,CENTRE EPIC INSTITUTO DE CARDIOLOGIA DE MONTREAL,UNIVERSIDAD PEDAGOGICA NACIONAL
18772,2019,ESCUELA NAVAL DE CADETES ALMIRANTE PADILLA,UNIVERSIDAD DEL SINU ELIAS BECHARA ZAINUM
19767,2019,MASSACHUSETTS INSTITUTE OF TECHNOLOGY,UNIVERSIDAD DE LA SABANA
24554,2019,ESCUELA PEDAGOGICA EXPERIMETAL,UNIVERSIDAD DISTRITAL FRANCISCO JOSE DE CALDAS
29335,2019,RED LATINOAMERICANA DE CIENCIAS BIOLOGICAS,UNIVERSIDAD DEL VALLE
29890,2019,UNIVERSITY OF CALIFORNIA DAVIS,UNIVERSITY OF OXFORD
31387,2019,UNIVERSIDAD AUTONOMA DE BUCARAMANGA,UNIVERSIDAD INDUSTRIAL DE SANTANDER
31913,2019,FUNDACION UNIVERSIDAD DEL NORTE,INDIAN INSTITUTE OF ENTREPRENEURSHIP
34010,2019,FACULTAD DE INGENIERIA UNIVERSIDAD DE ANTIOQUIA,UNIVERSIDAD DE ANTIOQUIA
34096,2019,ASOCIACION COLOMBIANA DE CRIADORES DE BUFALOS ACB,UNIVERSIDAD NACIONAL DE COLOMBIA
35777,2019,CORPORACION UNIVERSITARIA MINUTO DE DIOS UNIMINUTO,UNIVERSIDAD CENTRAL
37931,2019,UNIVERSIDAD DEL ESTADO DE RIO DE JANEIRO,UNIVERSIDAD PEDAGOGICA NACIONAL
40525,2019,UNIVERSIDAD DE ANTIOQUIA,UNIVERSIDAD EAFIT
40649,2019,PONTIFICIA UNIVERSIDAD JAVERIANA,UNIVERSIDAD DE LA SABANA
41286,2019,COLEGIO DE SANTANDER,UNIDADES TECNOLOGICAS DE SANTANDER
46132,2019,FUNDACION UNIVERSITARIA LOS LIBERTADORES,UNIVERSIDAD EXTERNADO DE COLOMBIA
47023,2019,UNIVERSIDAD DEL VALLE,UNIVERSIDAD MILITAR NUEVA GRANADA
47694,2019,UNIVERSIDAD DE SANTANDER,UNIVERSIDAD INDUSTRIAL DE SANTANDER
51523,2019,UNIVERSIDAD DE PAMPLONA,UNIVERSIDAD SIMON BOLIVAR
52841,2019,UNIVERSIDAD CATOLICA LUIS AMIGO,UNIVERSIDAD DE SAN BUENAVENTURA
53110,2019,INSTITUTO DE INGENIERIA DE ALIMENTOS PARA EL DESARROLLO,UNIVERSITAT POLITECNICA DE VALENCIA
53309,2019,DIRECCION GENERAL PARA LA PREVENCION Y ATENCION DE DESASTRES,UNIVERSIDAD DE LOS ANDES
60280,2019,UNIVERSIDAD DE LA AMAZONIA,UNIVERSIDAD TECNOLOGICA DE PEREIRA
64924,2019,FUNDACION UNIVERSITARIA JUAN DE CASTELLANOS,UNIVERSIDAD AUTONOMA LATINOAMERICANA UNAULA
65411,2019,UNIVERSIDAD DEL ATLANTICO,UNIVERSIDAD DISTRITAL FRANCISCO JOSE DE CALDAS
65420,2019,UNIVERSIDAD DE SAO PABLO,UNIVERSIDAD DEL VALLE
67253,2019,CLINICA COLSANITAS S A,UNIVERSIDAD INDUSTRIAL DE SANTANDER
68756,2019,BARRY UNIVERSITY,UNIVERSIDAD INDUSTRIAL DE SANTANDER
69833,2019,UNIVERSIDAD DE ANTIOQUIA,UNIVERSIDAD DEL CAUCA
73580,2019,CONSEJO LATINOAMERICANO DE CIENCIAS SOCIALES CLACSO,UNIVERSIDAD EXTERNADO DE COLOMBIA
75930,2019,UNIVERSIDAD DE LOS LLANOS,UNIVERSIDAD NACIONAL DE COLOMBIA
76422,2019,CENTRO DE ESTUDIOS AVANZADOS NINEZ Y JUVENTUD UNIVERSIDAD DE MANIZALES CINDE,CENTRO DE INVESTIGACIONES UNIVERSIDAD DE MANIZALES
84336,2019,CENTRO DE ESTUDIOS CIENTIFICOS EN EDUCACION Y PEDAGOGIA,UNIVERSIDAD SIMON BOLIVAR
85088,2019,ASOCIACION PISCICOLA EL VERGEL,SERVICIO NACIONAL DE APRENDIZAJE SENA
88293,2019,CORPORACION PARQUE EXPLORA,UNIVERSIDAD DE ANTIOQUIA
88722,2019,MINISTERIO DE CIENCIA TECNOLOGIA E INNOVACION,UNIVERSIDAD TECNOLOGICA DEL CHOCO DIEGO LUIS CORDOBA
89834,2019,FUNDACION UNIVERSIDAD DEL NORTE,MINISTERIO DE CIENCIA TECNOLOGIA E INNOVACION
90379,2019,ASOCIACION COLOMBIANA DE INFECTOLOGIA,CLINICA COLSANITAS S A
93680,2019,TECNOLOGICO DE ANTIOQUIA INSTITUCION UNIVERSITARIA,UNIVERSIDAD PRIVADA DR RAFAEL BELLOSO CHACIN
94692,2019,CENTRO DE CONSULTORIA Y SERVICIO,FUNDACION UNIVERSIDAD DEL NORTE
95214,2019,FUNDACION CENTRO INTERNACIONAL DE EDUCACION Y DESARROLLO HUMANO CINDE,UNIVERSIDAD DE MANIZALES UMANIZALES
103128,2019,CORPORACION UNIVERSITARIA IBEROAMERICANA,SECRETARIA DE EDUCACION DEL DISTRITO
105163,2019,UNIVERSIDAD DE ANTIOQUIA,UNIVERSIDAD DE MEDELLIN
106273,2019,INSTITUCION EDUCATIVA TENICO INDUSTRIAL DIEZ DE MAYO,INSTITUTO TOBIAS EMANUEL
107263,2019,COLEGIO MAYOR NUESTRA SENORA DEL ROSARIO,CORPORACION PARA INVESTIGACIONES BIOLOGICAS
109924,2019,FUNDACION NATURA COLOMBIA,INSTITUTO COLOMBIANO DEL PETROLEO
112364,2019,UNIVERSIDAD DE CARTAGENA,UNIVERSIDAD DEL VALLE
112828,2019,CENTRO DE EXCELENCIA EN NUEVOS MATERIALES CENM,UNIVERSIDAD DEL VALLE
141194,2019,FUNDACION UNIVERSIDAD DEL NORTE,ORGANIZACION PANAMERICANA DE LA SALUD
141682,2019,CLINICA SAMEIN,UNIVERSIDAD DE ANTIOQUIA
142654,2019,CORPORACION PARA LA INVESTIGACION ETNOMUSICAL SON DE NEGRO,UNIVERSIDAD DEL ATLANTICO
143200,2019,INSTITUTO COLOMBIANO DE MEDICINA TROPICAL INSTITUTO DE CIENCIAS DE LA SALUD CES,INSTITUTO COLOMBIANO DE MEDICINA TROPICAL UNIVERSIDAD CES
145130,2019,UNIVERSIDAD DE LOS ANDES,UNIVERSIDAD NACIONAL DE COLOMBIA
145600,2019,CORPORACION UNIVERSITARIA MINUTO DE DIOS UNIMINUTO,UNIVERSIDAD COOPERATIVA DE COLOMBIA
145904,2019,ASOCIACION COLOMBIANA PYME,UNIVERSIDAD TECNOLOGICA DE BOLIVAR
146730,2019,ELSAMEX INTERNACIONAL SUCURSAL COLOMBIA,UNIVERSIDAD CATOLICA DE COLOMBIA
147060,2019,UNIVERSIDAD AUTONOMA DE BAJA CALIFORNIA SUR,UNIVERSIDAD TECNOLOGICA DE BOLIVAR
150053,2019,ESCUELA DE NUTRICION Y DIETETICA UNIVERSIDAD DE ANTIOAUIA,POLITECNICO COLOMBIANO JAIME ISAZA CADAVID
150413,2019,CORPORACION UNIVERSITARIA DEL CARIBE CECAR,UNIVERSIDAD DEL SINU ELIAS BECHARA ZAINUM
151742,2019,UNIVERSIDAD EAFIT,UNIVERSIDAD NACIONAL DE COLOMBIA
153397,2019,UNIVERSIDAD DE ILINOIS,UNIVERSIDAD NACIONAL DE COLOMBIA
154130,2019,UNIVERSIDAD DEL ATLANTICO,UNIVERSIDAD DEL MAGDALENA
154510,2019,ESCRITORIO JURIDICO NORONO SANCHEZ TREJO S C,UNIVERSIDAD DEL SINU ELIAS BECHARA ZAINUM
155241,2019,ECOPETROL S A,INSTITUTO COLOMBIANO DEL PETROLEO
155870,2019,PONTIFICIA UNIVERSIDAD JAVERIANA,UNIVERSIDAD SANTO TOMAS
158739,2019,FONDO DE LAS POBLACIONES UNIDAS,UNIVERSIDAD NACIONAL DE COLOMBIA
158887,2019,UNIVERSIDAD DE MEDELLIN,UNIVERSIDAD EAFIT
161063,2019,UNIVERSIDAD DE ANTIOQUIA,UNIVERSIDAD NACIONAL DE COLOMBIA
163651,2019,PROGRAMA DE ESTUDIO Y CONTROL DE ENFERMEDADES TROPICALES,UNIVERSIDAD DE ANTIOQUIA
166456,2019,INSTITUTO NACIONAL DE CANCEROLOGIA ESE,UNIVERSIDAD DEL VALLE
170062,2019,GRUPO RESERCA INSEGNAMENTO MATEMATICA,UNIVERSIDAD DISTRITAL FRANCISCO JOSE DE CALDAS
170550,2019,CORPORACION COLOMBIANA DE INVESTIGACION AGROPECUARIA AGROSAVIA,UNIVERSIDAD DE SUCRE
170593,2019,CONCEJO DE BOGOTA,UNIVERSIDAD DEL SINU ELIAS BECHARA ZAINUM
171808,2019,DIVISION DE HMANIDADES Y CIENCIAS SOCIALES,FUNDACION UNIVERSIDAD DEL NORTE
171827,2019,UNIVERSIDAD DE LA GUAJIRA,UNIVERSIDAD DE LA GUAJIRA UNIGUAJIRA
172146,2019,CONSORCIO PARA LA INVESTIGACION CIENTIFICA CAUCASECO,FUNDACION CENTRO DE PRIMATES
172570,2019,FUNDACION UNIVERSIDAD DEL NORTE,INSTITUTO DE ESTUDIOS SUPERORES EN EDUCACION
175684,2019,CORPORACION RED DE UNIVERSIDADES PUBLICAS DEL EJE CAFETERO ALMA MATER,UNIVERSIDAD TECNOLOGICA DE PEREIRA
176469,2019,INSTITUCION UNIVERSITARIA CENTRO DE ESTUDIOS SUPERIORES MARIA GORETTI CESMAG,UNIVERSIDAD MARIANA UNIMAR
178004,2019,INSTITUTO NACIONAL MATERNO PERINATAL,UNIVERSIDAD DE ANTIOQUIA
179868,2019,FEDERACION ANDINA DE ASOCIACIONES NACIONALES DE EDUCACION SUPERIOR EN CIENC,UNIVERSIDAD NACIONAL DE COLOMBIA
182990,2019,FACULTAD DE INGENIRRIA,PONTIFICIA UNIVERSIDAD JAVERIANA
183067,2019,INSTITUTO NACIONAL DE BIODIVERSIDAD,UNIVERSIDAD DE ANTIOQUIA
191124,2019,CORPORACION COLOMBIANA DE INVESTIGACION AGROPECUARIA AGROSAVIA,UNIVERSIDAD DE CORDOBA
191361,2019,FUNDACION CENTRO INTERNACIONAL DE EDUCACION Y DESARROLLO HUMANO CINDE,FUNDACION INFANCIA Y APRENDIZAJE
191701,2019,CENTRO DE ESTUDIOS AVANZADOS INSTITUTO VENEZOLANO DE INVESTIGACIONES CIENT,SOCIEDAD DE BIOFISICOS LATINOAMERICANOS
193208,2019,MACIAS GOMEZ ABOGADOS,UNIVERSIDAD DE MEDELLIN
193429,2019,PONTIFICIA UNIVERSIDAD JAVERIANA,PROGRAMA DE LAS NACIONES UNIDAS PARA EL DESARROLLO
195154,2019,CORPORACION UNIVERSIDAD DE LA COSTA,GRUPO DE INVESTIGACION EN PSICOLOGIA
198471,2019,MINISTERIO DE CIENCIA TECNOLOGIA E INNOVACION,UNIVERSIDAD NACIONAL DE COLOMBIA
200280,2019,ESCUELA SUPERIOR DE GUERRA,UNIVERSIDAD JORGE TADEO LOZANO
207160,2019,UNIVERSIDAD EAN,UNIVERSIDAD SERGIO ARBOLEDA
209139,2019,ARISTIZABAL OCHOA INGENIEROS ASESORES,UNIVERSIDAD NACIONAL DE COLOMBIA
209511,2019,UNIVERSIDAD DE SAN BUENAVENTURA,UNIVERSIDAD NACIONAL ABIERTA Y A DISTANCIA
214914,2019,FUNDACION UNIVERSIDAD DEL NORTE,UNIVERSIDAD DE LOS ANDES
215341,2019,PONTIFICIA UNIVERSIDAD JAVERIANA,UNIVERSIDAD DEL VALLE
216291,2019,CORPORACION COLOMBIANA DE INVESTIGACION AGROPECUARIA AGROSAVIA,UNIVERSIDAD MILITAR NUEVA GRANADA
217212,2019,COLEGIO MAYOR NUESTRA SENORA DEL ROSARIO,FUNDACION CARDIOINFANTIL INSTITUTO DE CARDIOLOGIA
218235,2019,FUNDACION CUANGARE,UNIVERSIDAD DE ANTIOQUIA
219975,2019,COMPANIA GENERAL DE ACEROS S A,RESEARCH FOR TALENT
221996,2019,UNIVERSIDAD NACIONAL DE COLOMBIA,UNIVERSIDAD POLITECNICA DE MADRID
222291,2019,UNIVERSIDAD DE LOS ANDES,UNIVERSIDAD NACIONAL DE COLOMBIA
224766,2019,UNIVERSIDAD DE CARTAGENA,UNIVERSIDAD DE SAN BUENAVENTURA
226742,2019,TECHNISCHE UNIVERSITAT DRESDEN INSTITUTE OF FOOD TECHNOLOGY AND BIOPROCESS,UNIVERSIDAD DE ANTIOQUIA
230022,2019,CENTRO DE INVESTIGACION Y DESARROLLO TECNOLOGICO PARA LA INDUSTRIA ELECTRON,UNIVERSIDAD DISTRITAL FRANCISCO JOSE DE CALDAS
236837,2019,PONTIFICIA UNIVERSIDAD JAVERIANA,RED IBEROAMERICANA DE INDICADORES DE CIENCIAS Y TECNOLOGIA RICYT
237710,2019,INTEGRAL S A INGENIERIA TECNICA GENERAL S A INGENIEROS CONSULTORES,UNIVERSIDAD NACIONAL DE COLOMBIA
238058,2019,FUNDACION UNIVERSIDAD DEL NORTE,UNIVERSIDAD DE LA FONTERA
238473,2019,SMURFIT KAPPA,UNIVERSIDAD NACIONAL DE COLOMBIA
238708,2019,ESCUELA NACIONAL DE CIENCIAS BIOLOGICAS,PONTIFICIA UNIVERSIDAD JAVERIANA
238848,2019,UNIVERSIDAD AUTONOMA DE BARCELONA,UNIVERSIDAD DEL ATLANTICO
240095,2019,JUNTA REGIONAL DE CALIFICACION DE INVALIDEZ REGIONAL NARINO,UNIVERSIDAD MARIANA UNIMAR
241202,2019,FUNDACION UNIVERSIDAD DEL NORTE,UNIVERSIDAD NACIONAL DE COLOMBIA
241393,2019,PONTIFICIA UNIVERSIDAD JAVERIANA,RED IBEROAMERICANA DE INDICADORES DE CIENCIAS Y TECNOLOGIA RICYT
241920,2019,UNIVERSIDAD DE SUCRE,UNIVERSIDAD DEL VALLE
244040,2019,FEDERACION NACIONAL DE CAFETEROS DE COLOMBIA CENTRO NACIONAL DE INVESTIGACIONES DE CAFE CENICAFE,UNIVERSIDAD DE CALDAS
245089,2019,TESLAB GEO AMBIENTAL,UNIVERSIDAD ANTONIO NARINO
247910,2019,UNIVERSIDAD DE LOS ANDES,UNIVERSIDAD INDUSTRIAL DE SANTANDER
249475,2019,UNIVERSIDAD AUTONOMA DE MANIZALES,UNIVERSIDAD DEL VALLE
252662,2019,FUNDACION INSTITUTO DE ESTUDIOS POLITICOS Y RELACIONES INTERNACIONALES AMIGOS DEL IEPRI,UNIVERSIDAD EXTERNADO DE COLOMBIA
257400,2019,UNIVERSIDAD EAFIT,UNIVERSIDAD EIA
264164,2019,PONTIFICIA UNIVERSIDAD JAVERIANA,UNIVERSIDAD EL BOSQUE
265624,2019,SECRETARIA DISTRITAL DE SALUD DE BOGOTA,UNIVERSIDAD MANUELA BELTRAN
265683,2019,CLINICA BAUTISTA,UNIVERSIDAD SIMON BOLIVAR
272310,2019,UNIVERSIDAD INDUSTRIAL DE SANTANDER,UNIVERSIDAD TECNOLOGICA DE PEREIRA
277266,2019,UNIVERSIDAD DE MANIZALES UMANIZALES,UNIVERSIDAD DE MEDELLIN
277487,2019,FUNDACION INSTITUTO NEUROLOGICO DE COLOMBIA,UNIVERSIDAD DE SAN BUENAVENTURA
278572,2019,UNIVERSIDAD ANTONIO NARINO,UNIVERSIDAD DE SANTANDER
279200,2019,ASOCIACION COLOMBIANA PARA EL AVANCE DE LA CIENCIA ACAC,MINISTERIO DE CIENCIA TECNOLOGIA E INNOVACION
285323,2019,PONTIFICIA UNIVERSIDAD JAVERIANA,UNIVERSIDAD ECCI
286516,2019,COLEGIO MAYOR NUESTRA SENORA DEL ROSARIO,UNIVERSIDAD DE ANTIOQUIA
299197,2019,UNIVERSIDAD DE ANTIOQUIA,UNIVERSIDAD POPULAR DEL CESAR
301221,2019,UNIVERSIDAD DE ANTIOQUIA,UNIVERSIDAD PONTIFICIA BOLIVARIANA
302392,2019,GRUPO PARA EL CONTROL DE LA RESISTENCIA BACTERIANA BOGOTA,UNIVERSIDAD NACIONAL DE COLOMBIA
302953,2019,UNIVERSIDAD DE ALICANTE,UNIVERSIDAD DE ANTIOQUIA
302996,2019,CENTRO DE BIOINFORMATICA Y BIOLOGIA COMPUTACIONAL DE COLOMBIA,UNIVERSIDAD NACIONAL DE COLOMBIA
307815,2019,UNIVERSIDAD NACIONAL DE COLOMBIA,UNIVERSIDAD PEDAGOGICA NACIONAL
309818,2019,CIUDAD DIGITAL ALCALDIA DE BUCARAMANGA,UNIVERSIDAD INDUSTRIAL DE SANTANDER
311006,2019,LATINOAMERICANA DE EDUCACION INVESTIGACION Y TECNOLOGIA,UNIVERSIDAD AUTONOMA DEL CARIBE
311960,2019,CORPORACION UNIVERSIDAD DE INVESTIGACION Y DESARROLLO,UNIVERSIDAD LIBRE DE COLOMBIA
315087,2019,ESCUELA SUPERIOR DE ADMINISTRACION PUBLICA,UNIVERSIDAD DE LOS LLANOS
319066,2019,RED DE UNIVERSIDADES DEL DOCTORADO EN CIENCIAS DE LA EDUCACION,UNIVERSIDAD DE CARTAGENA
321338,2019,CORPORACION UNIVERSITARIA MINUTO DE DIOS UNIMINUTO,UNIVERSIDAD NACIONAL ABIERTA Y A DISTANCIA
323144,2019,ABOGADO LITIGANTE,UNIVERSIDAD DE MEDELLIN
330809,2019,UNIVERSIDAD ANTONIO NARINO,UNIVERSIDAD DE ANTIOQUIA
333301,2019,PONTIFICIA UNIVERSIDAD JAVERIANA,UNIVERSIDAD EXTERNADO DE COLOMBIA
335363,2019,DEPARTAMENTO DE HISTORIA UNIVERSIDAD DE ANTIOQUIA,UNIVERSIDAD DE ANTIOQUIA
337471,2019,CORPORACION AUTONOMA REGIONAL DEL VALLE DEL CAUCA CVC,UNIVERSITY OF FREIBURG
343242,2019,UNIVERSIDAD DE PAMPLONA,UNIVERSIDAD FRANCISCO DE PAULA SANTANDER
344893,2019,UNIVERSIDAD DE ANTIOQUIA,UNIVERSIDAD DE SAN BUENAVENTURA
345687,2019,DEPARTAMENTO ADMINISTRATIVO DEL MEDIO AMBIENTE,UNIVERSIDAD DE LA AMAZONIA
346888,2019,UNIVERSIDAD COOPERATIVA DE COLOMBIA,UNIVERSIDAD SANTIAGO DE CALI
347078,2019,INSTITUTO NACIONAL DE SALUD,UNIVERSIDAD NACIONAL DE COLOMBIA
347345,2019,FAC DE EDUCACION FISICA,UNIVERSIDAD INDUSTRIAL DE SANTANDER
347507,2019,CONSEJO NACIONAL DE EDUCACION SUPERIOR,UNIVERSIDAD DE ANTIOQUIA
351644,2019,UNIVERSIDAD LIBRE DE COLOMBIA,UNIVERSIDAD SIMON BOLIVAR
373397,2019,UNIVERSIDAD DE LA GUAJIRA,UNIVERSIDAD DE SAN BUENAVENTURA
374520,2019,FUNDACION SANTA FE DE BOGOTA,UNIVERSIDAD DE LOS ANDES
382558,2019,UNIVERSIDAD CATOLICA DE MANIZALES,UNIVERSIDAD NACIONAL DE COLOMBIA
391522,2019,CORPOBIOTICA CORPORACION PARA EL DESARROLLO INVESTIGACION Y APLICACION,UNIVERSIDAD NACIONAL DE COLOMBIA
393860,2019,PONTIFICIA UNIVERSIDAD JAVERIANA,UNIVERSIDAD DEL TOLIMA
397814,2019,SERVICIO NACIONAL DE APRENDIZAJE SENA,UNIVERSIDAD NACIONAL DE COLOMBIA
409480,2019,FUNDACION REIKI MANOS DE LUZ,FUNDACION UNIVERITARIA JUAN N CORPAS
409898,2019,INSTITUTO NACIONAL DE SALUD,UNIVERSIDAD NACIONAL DE COLOMBIA
414603,2019,UNIVERSIDAD DEL VALLE,UNIVERSITAT BREMEN
415219,2019,UNIDADES TECNOLOGICAS DE SANTANDER,UNIVERSIDAD PONTIFICIA BOLIVARIANA
420999,2019,BAYLOR COLLEGE OF MEDICINE,UNIVERSIDAD CES
423106,2019,UNIVERSIDAD CATOLICA DE COLOMBIA,UNIVERSIDAD DISTRITAL FRANCISCO JOSE DE CALDAS
424056,2019,CONSERVATION INTERNATIONAL COLOMBIA,FUNDACION UNIVERSITARIA LOS LIBERTADORES
428094,2019,UNIVERSIDAD DISTRITAL FRANCISCO JOSE DE CALDAS,UNIVERSIDAD ECCI
428400,2019,INSTITUTO COLOMBIANO DE MEDICINA TROPICAL UNIVERSIDAD CES,UNIVERSIDAD DE ANTIOQUIA
432393,2019,SECRETARIA DE EDUCACION DISTRITAL COLEGIO SAN BERNARDINO IED,UNIVERSIDAD LIBRE DE COLOMBIA
432415,2019,UNIVERSIDAD DE LA GUAJIRA,UNIVERSIDAD POPULAR DEL CESAR
437891,2019,FUNDACION UNIVERSIDAD DEL NORTE,UNIVERSIDAD NACIONAL DE COLOMBIA
445193,2019,INTERNATIONAL RESEARCH INSTITUTE FOR CLIMATE AND SOCIETY COLUMBIA UNIV,UNIVERSIDAD EIA
447650,2019,FUNDACION FUTURO COLOMBIANO,UNIVERSIDAD POPULAR DEL CESAR
452025,2019,UNIVERSIDAD DE IBAGUE,UNIVERSIDAD EXTERNADO DE COLOMBIA
454303,2019,AMERICANA DE TRENZADOS,COLEGIO MAYOR NUESTRA SENORA DEL ROSARIO
455113,2019,FUNDACION UNIVERSIDAD DEL NORTE,UNIVERSIDAD DEL ATLANTICO
456993,2019,FUNDACION UNIVERSITARIA JUAN DE CASTELLANOS,UNIVERSIDAD SANTO TOMAS
458708,2019,ESCUELA SUPERIOR DE OFTALMOLOGIA DEL INSTITUTO BARRAQUER DE AMERICA,INSTITUCION UNIVERSITARIA COLEGIOS DE COLOMBIA UNICOC ANTES COLEGIO ODONTOLOGICO COLOMBIANO
463183,2019,ASOCIACION PANAMERICANA OTORRINOLARINGOLOGIA CABEZA Y CUELLO,SOCIEDAD COLOMBIANA DE OTORRINOLARINGOLOGIA
469840,2019,ESCUELA SUPERIOR DE ADMINISTRACION PUBLICA,UNIVERSIDAD DE CUNDINAMARCA
477893,2019,UNIVERSIDAD DE ANTIOQUIA,UNIVERSIDAD DE MEDELLIN
478750,2019,UNIVERSIDAD DE MANIZALES UMANIZALES,UNIVERSIDAD DE SAN BUENAVENTURA
479438,2019,UNIVERSIDAD DE LA SABANA,UNIVERSIDAD DE LA SALLE
484105,2019,CENTRO DE INVESTIGACION DOCENCIA Y CONSULTORIA ADMINISTRATIVA F CIDCA,UNIVERSIDAD TECNOLOGICA DE PEREIRA
495735,2019,CORPORACION UNIVERSIDAD DE LA COSTA,INSTITUCION UNIVERSITARIA ITSA
495751,2019,INSTITUTO NACIONAL DE MEDICINA LEGAL Y CIENCIAS FORENSES,UNIVERSIDAD DE ANTIOQUIA
501832,2019,FUNDACION CHELONIA COLOMBIA,UNIVERSIDAD LIBRE DE COLOMBIA
512737,2019,PROVINCIA SAN LUIS BERTRAN DE COLOMBIA,UNIVERSIDAD SANTO TOMAS
515825,2019,HAERENTIA,MUSEO NACIONAL DE COLOMBIA
517364,2019,UNIVERSIDAD DE LA SABANA,UNIVERSITY OF MISSOURI COLUMBIA USA
526762,2019,UNIVERSIDAD DE ANTIOQUIA,UNIVERSIDAD DE LOS ANDES
529281,2019,SERVICIO NACIONAL DE APRENDIZAJE SENA,SERVICIO NACIONAL DE APRENDIZAJE SENA CENTRO DE COMERCIO
532002,2019,CORPORACION UNIVERSITARIA REMINGTON,TECNOLOGICO DE ANTIOQUIA INSTITUCION UNIVERSITARIA
534471,2019,UNIVERSIDAD CATOLICA DE COLOMBIA,UNIVERSIDAD DE LA SABANA
535290,2019,CLADEA,PONTIFICIA UNIVERSIDAD JAVERIANA
541630,2019,PROGRAMA INGENIERIA CIVIL UNIVERSIDAD DE MEDELLIN,UNIVERSIDAD DE MEDELLIN
542520,2019,CENTRO DE BIOINFORMATICA Y BIOLOGIA COMPUTACIONAL DE COLOMBIA,UNIVERSIDAD DE ANTIOQUIA
545082,2019,FUNDACION SANTA FE DE BOGOTA,UNIVERSIDAD EL BOSQUE
563021,2019,UNIVERSIDAD DE LOS ANDES,UNIVERSIDAD DISTRITAL FRANCISCO JOSE DE CALDAS
563200,2019,CELBIT LTDA,UNIVERSIDAD NACIONAL DE COLOMBIA
566101,2019,FUNDACION UNIVERSITARIA DEL AREA ANDINA,UNIVERSIDAD CENTRAL
566942,2019,UNIVERSIDAD DE CORDOBA,UNIVERSIDAD DEL ATLANTICO
568716,2019,CLINICA UNIVERSITARIA TELETON,UNIVERSIDAD DE LA SABANA
571946,2019,UNIVERSIDAD CATOLICA DE PEREIRA,UNIVERSIDAD DE MANIZALES UMANIZALES
572624,2019,PROGRAMA DE ADMINISTRACION Y GESTION AMBIENTAL,UNIVERSIDAD MILITAR NUEVA GRANADA
576751,2019,FUNDACION VALLE DEL LILI,UNIVERSIDAD ICESI
580864,2019,INSTITUTO TECNICO DE ALTA TECNOLOGIA,UNIVERSIDAD DE LA SABANA
585130,2019,ASOCIACION DE MUNICIPIOS DELOS DEPARTAMENTOS DE CORDOBA Y SUCRE,UNIVERSIDAD DE CORDOBA
591904,2019,INSTITUTO NACIONAL DE SALUD PUBLICA,UNIVERSIDAD NACIONAL DE COLOMBIA
592773,2019,FUNDACION UNIVERSITARIA COMFAMILIAR RISARALDA,UNIVERSIDAD JORGE TADEO LOZANO
593966,2019,UNIVERSIDAD CENTRAL,UNIVERSIDAD NACIONAL DE COLOMBIA
598674,2019,UNIVERSIDAD MILITAR NUEVA GRANADA,UNIVERSIDAD NACIONAL DE COLOMBIA
601616,2019,MINISTERIO DE EDUCACION NACIONAL MINEDUCACION,UNIVERSIDAD TECNOLOGICA DE PEREIRA
604372,2019,UNIVERSIDAD CATOLICA DE COLOMBIA,UNIVERSIDAD DE SAN BUENAVENTURA
608416,2019,INSTITUCION DEPARTAMENTAL SAN JOSE DE PUEBLOVIEJO,UNIVERSIDAD DEL MAGDALENA
610895,2019,UNIVERSIDAD DE CALDAS,UNIVERSIDAD TECNOLOGICA DE PEREIRA
613940,2019,TEMPLE UNIVERSITY,UNIVERSIDAD DE LOS ANDES
629650,2019,UNIVERSIDAD DE LOS LLANOS,UNIVERSIDAD NACIONAL DE COLOMBIA
633321,2019,INSTITUTO NACIONAL DE VIAS,UNIVERSIDAD EXTERNADO DE COLOMBIA
635065,2019,UNIVERSIDAD MANUELA BELTRAN,UNIVERSIDAD NACIONAL DE COLOMBIA
636207,2019,UNIVERSIDAD ESTADUAL PAULISTA JULIO MESTQUITA FILHO,UNIVERSIDAD NACIONAL DE COLOMBIA
636959,2019,UNIVERSIDAD CENTRAL,UNIVERSIDAD NACIONAL DE COLOMBIA
639460,2019,FUNDACION UNIVERSITARIA AGRARIA DE COLOMBIA,UNIVERSIDAD MILITAR NUEVA GRANADA
639745,2019,INSTITUTO DE INVESTIGACION DE RECURSOS BIOLOGICOS ALEXANDER VON HUMBOLDT,UNIVERSIDAD NACIONAL DE COLOMBIA
640077,2019,CORPORACION COLOMBIANA DE INVESTIGACION AGROPECUARIA AGROSAVIA,UNIVERSIDAD NACIONAL DE COLOMBIA
640956,2019,UNIVERSIDAD PEDAGOGICA Y TECNOLOGICA DE COLOMBIA,UNIVERSIDAD PEDAGOGICA Y TECNOLOGICA DE COLOMBIA UPTC
650889,2019,BIO SAFE,UNIVERSIDAD NACIONAL DE COLOMBIA
652989,2019,CORPORACION UNIVERSITARIA MINUTO DE DIOS UNIMINUTO,UNIVERSIDAD DEL VALLE
660116,2019,UNIVERSIDAD DE PAMPLONA,UNIVERSIDAD PEDAGOGICA Y EXPERIMENTAL EL LIBERTADOR
660310,2019,UNIVERSIDAD DE ANTIOQUIA,UNIVERSIDAD EAFIT
666076,2019,UNIVERSIDAD DE CUNDINAMARCA,UNIVERSIDAD DEL MAGDALENA
687235,2019,UNIVERSIDAD NACIONAL DE COLOMBIA,UNIVERSITAT DE VALENCIA
690902,2019,FUNDACION UNIVERSITARIA DEL AREA ANDINA,UNIVERSIDAD SURCOLOMBIANA
692646,2019,UNIVERSIDAD DISTRITAL FRANCISCO JOSE DE CALDAS,UNIVERSIDAD NACIONAL DE COLOMBIA
696820,2019,COLGATE,UNIVERSIDAD CES
709972,2019,SERVICIO NACIONAL DE APRENDIZAJE SENA,SERVICIO NACIONAL DE APRENDIZAJE SENA REGIONAL GUAJIRA
711063,2019,INSTITUTO TECNOLOGICO METROPOLITANO,INSTITUTO TECNOLOGICO METROPOLITANO DE MEDELLIN
712809,2019,PONTIFICIA UNIVERSIDAD CATOLICA DE VALPARAISO,SERVICIO NACIONAL DE APRENDIZAJE SENA
723932,2019,ASOCIACION COLOMBIANA PARA EL AVANCE DE LA CIENCIA ACAC,INSTITUTO NACIONAL DE SALUD
733733,2019,UNIVERSIDAD ANTONIO NARINO,UNIVERSIDAD DE PAMPLONA
734217,2019,UNIVERSIDAD DE ANTIOQUIA,UNIVERSIDAD NACIONAL DE COLOMBIA
734837,2019,UNIVERSIDAD COOPERATIVA DE COLOMBIA,UNIVERSIDAD DE ANTIOQUIA
735434,2019,UNIVERSIDAD DEL QUINDIO,WILDLIFE CONSERVATION SOCIETY
737755,2019,UNIVERSIDAD NACIONAL ABIERTA Y A DISTANCIA,UNIVERSIDAD NACIONAL ABIERTA Y A DISTANCIA UNAD
741353,2019,HOSPITAL PABLO TOBON URIBE,UNIVERSIDAD CES
743186,2019,FUNDACION UNIVERSITARIA DE CIENCIAS DE LA SALUD FUCS,VU MEDICAL CENTER
749150,2019,UNIVERSIDAD DE PAMPLONA,UNIVERSIDAD DE SUCRE
752258,2019,UNIVERSIDAD DE DELAWARE,UNIVERSITY OF DELAWARE
755974,2019,UNIVERSIDAD DE LOS LLANOS,UNIVERSIDAD DEL CAUCA
759465,2019,FUNDACION UNIVERSITARIA DEL AREA ANDINA,UNIVERSIDAD POPULAR DEL CESAR
761400,2019,UNIVERSIDAD NACIONAL ABIERTA Y A DISTANCIA,UNIVERSIDAD PONTIFICIA BOLIVARIANA
763586,2019,UNIVERSIDAD DEL QUINDIO,UNIVERSIDAD LA GRAN COLOMBIA
767417,2019,CORPORACION UNIVERSITARIA MINUTO DE DIOS UNIMINUTO,UNIVERSIDAD DE SAN BUENAVENTURA
772119,2019,UNIVERSIDAD DE SANTANDER,UNIVERSIDAD POPULAR DEL CESAR
777811,2019,HOSPITAL LA FE ESPANA,UNIVERSIDAD DE ANTIOQUIA
786187,2019,FUNDACION DE EDUCACION SUPERIOR SAN JOSE,XERES LO SAS
790737,2019,NEOTROPICAL ORNITHOLOGICAL SOCIETY,UNIVERSIDAD DE LOS ANDES
806820,2019,UNIVERSIDAD AUTONOMA DE BARRANQUILLA,UNIVERSIDAD AUTONOMA DEL CARIBE
820415,2019,UNIVERSIDAD DE VIGO,UNIVERSIDAD EAN
827045,2019,INTERCONEXION ELECTRICA S A ISA,UNIVERSIDAD NACIONAL DE COLOMBIA
831069,2019,UNIVERSIDAD CATOLICA LUIS AMIGO,UNIVERSIDAD DE SAN BUENAVENTURA
839302,2019,CONSEJO NACIONAL DE INVESTIGACIONES CIENTIFICAS Y TECNICAS,UNIVERSIDAD ECCI
842680,2019,FACULTAD DE DERECHO Y CIENCIAS POLITICAS UNIVERSIDAD DE ANTIOQUIQ,UNIVERSIDAD DE ANTIOQUIA
844853,2019,ARQUITECTURA,CORPORACION UNIVERSIDAD DE LA COSTA
850802,2019,UNIVERSIDAD PILOTO,UNIVERSIDAD SANTO TOMAS
853887,2019,ECOPETROL S A,INSTITUTO COLOMBIANO DEL PETROLEO
860972,2019,UNIVERSIDAD CATOLICA DE ORIENTE,UNIVERSIDAD DE LOS ANDES
865273,2019,MINISTERIO DE EDUCACION NACIONAL MINEDUCACION,SECRETARIA DE EDUCACION DEPARTAMENTAL DE BOYACA
865940,2019,UNIVERSIDAD CATOLICA DE MANIZALES,UNIVERSIDAD DE LA AMAZONIA
869414,2019,UNIVERSIDAD DE LOS LLANOS,UNIVERSIDAD SURCOLOMBIANA
872504,2019,UNIVERSIDAD CESMAG,UNIVERSIDAD MARIANA UNIMAR
880884,2019,CORPORACION BUCARAMANGA EMPRENDEDORA LUIS CARLOS GALAN SARMIENTO INCUBADORA DE EMPRESAS DE BASE TECNOLOGICA C B E,UNIVERSIDAD INDUSTRIAL DE SANTANDER ESCUELA DE FILOSOFIA
888150,2019,UNIVERSIDAD CES,UNIVERSIDAD EIA
894435,2019,INSTITUTO NACIONAL DE MEDICINA LEGAL Y CIENCIAS FORENSES,UNIVERSIDAD DE ANTIOQUIA
906794,2019,INSTITUTO UNIVERSITARIO DE LA PAZ INUPAZ,UNIDAD MUNICIPAL DE ASISTENCIA TECNICA AGROPECUARIA
909840,2019,PONTIFICIA UNIVERSIDAD JAVERIANA,UNIVERSIDAD DE LOS ANDES
923591,2019,UNIVERSIDAD DE CUNDINAMARCA FGGA,UNIVERSIDAD DE NARINO
928984,2019,UNIVERSIDAD INDUSTRIAL DE SANTANDER,UNIVERSIDAD NACIONAL DE COLOMBIA
947229,2019,ESCUELA COLOMBIANA DE CARRERAS INDUSTRIALES,UNIVERSIDAD ECCI
948926,2019,FUNDACION UNIVERSIDAD DEL NORTE,UNIVERSIDAD SIMON BOLIVAR
950831,2019,UNIVERSIDAD NACIONAL ABIERTA Y A DISTANCIA,UNIVERSIDAD NACIONAL ABIERTA YA DISTANCIA
952192,2019,INSTITUT DE CIENCIA I TECNOLOGIA AMBIENTAL,UNIVERSIDAD DEL VALLE
962015,2019,UNIVERSIDAD MILITAR NUEVA GRANADA,UNIVERSIDAD SANTO TOMAS
963119,2019,FUNDACION OMACHA 6502,FUNDACION UNIVERSIDAD DEL NORTE
967084,2019,CENTRO DE INVESTIGACIONES EN TECNOLOGIAS AMBIENTALES CITA,CORPORACION UNIVERSIDAD DE LA COSTA
970743,2019,FUNDACION UNIVERSIDAD DE AMERICA,UNIVERSIDAD MANUELA BELTRAN
981222,2019,CENTRO DE BIOINFORMATICA Y BIOLOGIA COMPUTACIONAL DE COLOMBIA,UNIVERSIDAD EIA
988049,2019,UNIVERSIDAD DE ANTIOQUIA,UNIVERSIDAD EL BOSQUE
991422,2019,CENTRO DE BIOINFORMATICA Y BIOLOGIA COMPUTACIONAL DE COLOMBIA,UNIVERSIDAD DEL CAUCA
992810,2019,UFJC FACULTAD TECNOLOGICA,UNIVERSIDAD DISTRITAL FRANCISCO JOSE DE CALDAS
1011413,2019,CENTRO DE INVESTIGACIONES UNIVERSIDAD MANUELA BELTRAN C I U M B,UNIVERSIDAD SANTO TOMAS
1012703,2019,PVG ARQUITECTOS SAS,UNIVERSIDAD EAFIT
1014412,2019,UNIVERSIDAD SANTO TOMAS,UNIVERSIDAD SERGIO ARBOLEDA
1014714,2019,UNIVERSIDAD DEL VALLE,UNIVERSITY OF UTAH
1022903,2019,FEDERACION COLOMBIANA DE GANADEROS,UNIVERSIDAD COOPERATIVA DE COLOMBIA
1023578,2019,ANADARKO COLOMBIA COMPANY SUCURSAL COLOMBIA,UNIVERSIDAD NACIONAL DE COLOMBIA
1039741,2019,HOSPITAL FERNANDO TROCONIS,UNIVERSIDAD DEL MAGDALENA
1041665,2019,INSTITUTO DE INVESTIGACION DE RECURSOS BIOLOGICOS ALEXANDER VON HUMBOLDT,UNIVERSIDAD NACIONAL DE COLOMBIA
1049488,2019,FUNDACION UNIVERSIDAD DEL NORTE,UNIVERSITY OF FLORIDA
1054678,2019,UNIVERSIDAD AUTONOMA DEL CARIBE,UNIVERSIDAD SIMON BOLIVAR
1055003,2019,UNIVERSIDAD NACIONAL ABIERTA Y A DISTANCIA,UNIVERSIDAD NACIONAL DE COLOMBIA
1059610,2019,UNIVERSIDAD DE ANTIOQUIA,VEDAS CORPORACION DE INVESTIGACION E INNOVACION
1065068,2019,CLINICA SALUDCOOP,UNIVERSIDAD SURCOLOMBIANA
1071068,2019,UNIVERSIDAD DEL VALLE,UNIVERSITY OF PITTSBURGH
1097350,2019,SERVICIO GEOLOGICO COLOMBIANO,UNIVERSIDAD DE LOS ANDES
1103520,2019,UNIVERSIDAD DE ANTIOQUIA,UNIVERSIDADE FEDERAL DE VICOSA
1112708,2019,MICHIGAN STATE UNIVERSITY,UNIVERSIDAD DE PUERTO RICO
1119710,2019,CENTRO COLOMBO AMERICANO,SUPERIOR ENERGY SERVICES
1125869,2019,FUNDACION CARDIOVASCULAR DE COLOMBIA FLORIDABLANCA,FUNDACION UNIVERSITARIA BARCELO
1142917,2019,CORPORACION COLOMBIANA DE INVESTIGACION AGROPECUARIA AGROSAVIA,UNIVERSIDADE ESTADUAL PAULISTA JULIO DE MESQUITA FILHO
1153528,2019,UNIVERSIDAD DEL VALLE,UNIVERSIDAD SANTIAGO DE CALI
1154710,2019,UNIVERSIDAD DE LOS ANDES,UNIVERSIDAD NACIONAL DE COLOMBIA
1164597,2019,ESCUELA NORMAL SUPERIOR MARIA AUXILIADORA DE VILLAPINZON,UNIVERSIDAD PEDAGOGICA Y TECNOLOGICA DE COLOMBIA
1175122,2019,INSTITUCION PRESTADORA DE SERVICIOS DE SALUD UNIVERSIDAD DE ANTIOQUIA I P S UNIVERSITARIA,UNIVERSIDAD DE ANTIOQUIA
1216996,2019,UNIDADES TECNOLOGICAS DE SANTANDER,UNIVERSIDAD INDUSTRIAL DE SANTANDER
1227831,2019,TECHNICAL UNIVERSITY OF DENMARK,UNIVERSIDAD DE LOS ANDES
1230875,2019,ESE CLINICA MATERNIDAD RAFAEL CALVO,UNIVERSIDAD DE BARCELONA
1233874,2019,FUNDACION ABUNDANCIA DE CORAZON,UNIVERSIDAD DEL VALLE
1235184,2019,UNIVERSIDAD DE CUNDINAMARCA,UNIVERSIDAD ECCI
1237152,2019,UNIVERSIDAD NACIONAL ABIERTA Y A DISTANCIA,UNIVERSIDAD SURCOLOMBIANA
1237934,2019,FUNDACION SANTA FE DE BOGOTA,INSTITUTO NACIONAL DE MEDICINA LEGAL Y CIENCIAS FORENSES
1240960,2019,UNIVERSIDAD INDUSTRIAL DE SANTANDER,UNIVERSIDAD NACIONAL DE COLOMBIA
1247719,2019,UNIVERSIDAD NACIONAL ABIERTA Y A DISTANCIA,UNIVERSIDAD NACIONAL DE COLOMBIA
1251520,2019,UNIVERSIDAD DE ANTIOQUIA,VEDAS CORPORACION DE INVESTIGACION E INNOVACION
1255827,2019,PONTIFICIA UNIVERSIDAD JAVERIANA,UNIVERSIDAD EL BOSQUE
1255843,2019,SOCIEDAD COLOMBIANA DE PEDIATRIA,UNIVERSIDAD DE ANTIOQUIA
1258230,2019,FUNDACION UNIVERSITARIA NAVARRA UNINAVARRA,UNIVERSIDAD DEL CAUCA
1264036,2019,CORPORACION UNIVERSIDAD DE LA COSTA,UNIVERSIDAD SIMON BOLIVAR
1281569,2019,INSTITUCION EDUCATIVA JOSE ANTONIO GALAN,UNIVERSIDAD COOPERATIVA DE COLOMBIA
1282280,2019,UNIVERSIDAD DE ANTIOQUIA,UNIVERSIDAD NACIONAL DE COLOMBIA
1293826,2019,UNIVERSIDAD INDUSTRIAL DE SANTANDER,UNIVERSIDAD SANTO TOMAS
1315773,2019,FUNDACION UNIVERSITARIA NAVARRA UNINAVARRA,UNIVERSIDAD FEDERAL RIO GRANDE DEL NORTE
1327879,2019,INSTITUCION UNIVERSITARIA PASCUAL BRAVO,UNIVERSIDAD NACIONAL DE COLOMBIA
1330306,2019,APIARIOS EL PINAR CIA LTDA,UNIVERSITARIA AGUSTINIANA
1333576,2019,CENTRO DE LA INNOVACION LA AGROINDUSTRIA Y EL TURISMO,UNIVERSIDAD NACIONAL DE QUILMES ARGENTINA
1334223,2019,UNIVERSIDAD DE LA GUAJIRA,UNIVERSIDAD DEL MAGDALENA
1335868,2019,PONTIFICIA UNIVERSIDAD JAVERIANA,UNIVERSIDAD TECNOLOGICA DE PEREIRA
1336065,2019,PONTIFICIA UNIVERSIDAD JAVERIANA,THE UNIVERSITY OF SYDNEY
1337603,2019,CORPORACION UNIVERSITARIA COMFACAUCA UNICOMFACAUCA,UNIVERSIDAD NACIONAL DE COLOMBIA
1338951,2019,ASOCIACION COLOMBIANA DE MEDICINA INTERNA ACMI,INSTITUTO DEL CORAZON
1339822,2019,FUNDACION UNIVERSITARIA DEL AREA ANDINA,INSTITUTO NACIONAL DE SALUD
1340860,2019,INSTITUTO CARO Y CUERVO,UNIVERSIDAD SANTO TOMAS
1342837,2019,UNIVERSIDAD DE LOS LLANOS,UNIVERSIDAD NACIONAL ABIERTA Y A DISTANCIA
1347175,2019,GRUPO DE ENFOQUE EN ENERGIA Y CAMBIO CLIMATICO,LOGYCAINVESTIGACION
1347211,2019,CORPORACION UNIVERSITARIA AMERICANA,ROCCAP SAS
1347696,2019,INSTITUCION UNIVERSITARIA PASCUAL BRAVO,UNIVERSIDAD PONTIFICIA BOLIVARIANA
1347746,2019,COLEGIO MAYOR NUESTRA SENORA DEL ROSARIO,UNIVERSIDAD SANTO TOMAS
1348527,2019,FUNDACIAN KOBB,UNIVERSIDAD PEDAGOGICA Y TECNOLOGICA DE COLOMBIA
1349229,2019,UNIVERSIDAD DE CARTAGENA,UNIVERSIDAD METROPOLITANA
1349230,2019,UNIVERSIDAD DE ANTIOQUIA,UNIVERSIDAD PONTIFICIA BOLIVARIANA
1349566,2019,ESCUELA NORMAL SUPERIOR DEL QUNDIO,UNIVERSIDAD DEL QUINDIO
1349634,2019,MINISTERIO DE EDUCACION NACIONAL MINEDUCACION,UNIVERSIDAD NACIONAL DE COLOMBIA
1350060,2019,NEWCASTLE UNIVERSITY,UNIVERSIDAD LIBRE DE COLOMBIA
1350408,2019,COMITE NATIONAL DES CONSEILLERS DU COMMERCE EXTERIEUR DE LA FRANCE,HERES AVOCATS
1350476,2019,FUNDACION SANTA FE DE BOGOTA,HOSPITAL UNIVERSITARIO CLINICA SAN RAFAEL
1350595,2019,PONTIFICIA UNIVERSIDAD JAVERIANA,UNIVERSIDAD SANTO TOMAS
1350932,2019,UNIVERSIDAD DE LOS ANDES,UNIVERSIDAD LIBRE DE COLOMBIA
1351448,2019,INSTITUTO TECNOLOGICO METROPOLITANO DE MEDELLIN,UNIVERSIDAD NACIONAL DE COLOMBIA
1352140,2019,UNIVERSIDAD DE CIENCIAS APLICADAS Y AMBIENTALES U D C A,UNIVERSIDAD FRANCISCO DE PAULA SANTANDER OCANA
1352652,2019,UNIVERSIDAD COLEGIO MAYOR DE CUNDINAMARCA,UNIVERSIDAD DISTRITAL FRANCISCO JOSE DE CALDAS
1353139,2019,UNIVERSIDAD DE LA SABANA,UNIVERSIDAD ECCI
1353805,2019,UNIVERSIDAD EAN,UNIVERSIDAD NACIONAL DE COLOMBIA
1353846,2019,CENTRO DE INGENIERIA AVANZADA INVESTIGACION Y DESARROLLO,UNIVERSIDAD NACIONAL DE COLOMBIA
1354613,2019,FUNDACION HUMEDALES,UNIVERSIDAD DE LOS ANDES
1355555,2019,ACADEMIA DE MEDICINA DE CALDAS,UNIVERSIDAD DE CALDAS
1355699,2019,FORMAR INNOVAR COLEGIO CAMPESTRE,UNIVERSIDAD DE CUNDINAMARCA
1355825,2019,FUNDACION UNIVERSITARIA LOS LIBERTADORES,UNIVERSIDAD DISTRITAL FRANCISCO JOSE DE CALDAS
1356760,2019,"CENTRAL INSTITUTE OF MENTAL HEALTH, MANNHEIM,",UNIVERSIDAD AUTONOMA DE BUCARAMANGA
1357295,2019,INSTITUTO TECNOLOGICO METROPOLITANO,INSTITUTO TECNOLOGICO METROPOLITANO DE MEDELLIN
1357693,2019,UNIVERSIDAD DISTRITAL FRANCISCO JOSE DE CALDAS,UNIVERSIDAD NACIONAL DE COLOMBIA
1358023,2019,ASOCIACION PROBIENESTAR DE LA FAMILIA COLOMBIANA PROFAMILIA,UNIVERSIDAD AUTONOMA DE BARCELONA
1360097,2019,UNIVERSIDAD ANTONIO NARINO,UNIVERSIDAD INDUSTRIAL DE SANTANDER
1360253,2019,INSTITUTO CARO Y CUERVO,PONTIFICIA UNIVERSIDAD CATOLICA DE CHILE
1363160,2019,INSTITUCION UNIVERSITARIA PASCUAL BRAVO,UNIVERSIDAD TECNOLOGICA DE PEREIRA
1363613,2019,INSTITUCION PRESTADORA DE SERVICIOS DE SALUD UNIVERSIDAD DE ANTIOQUIA I P S UNIVERSITARIA,UNIVERSIDAD DE ANTIOQUIA
1363986,2019,PONTIFICIA UNIVERSIDAD JAVERIANA,UNIVERSIDAD SURCOLOMBIANA
1364326,2019,COMPANIA NACIONAL DE CHOCOLATES SAS,UNIVERSIDAD DE ANTIOQUIA
1364944,2019,UNIVERSIDAD DE ANTIOQUIA,UNIVERSIDAD NACIONAL DE COLOMBIA
1365358,2019,INSTITUTO TECNOLOGICO METROPOLITANO,RYMEL INGENIERIA ELECTRICA S A S
1365535,2019,UNIVERSIDAD AUTONOMA LATINOAMERICANA UNAULA,UNIVERSIDAD EAFIT
1365822,2019,UNIVERSIDAD PONTIFICIA BOLIVARIANA,UNIVERSIDAD SANTIAGO DE CALI
1366559,2019,UNIVERSIDAD DE SAN BUENAVENTURA,UNIVERSIDAD ECCI
1368245,2019,INSTITUTE OF MACROMOLECULAR CHEMISTRY PETRU PONI,UNIVERSIDAD DE PAMPLONA
1370943,2019,POLITECNICO COLOMBIANO JAIME ISAZA CADAVID,UNIVERSIDAD PONTIFICIA BOLIVARIANA
1372201,2019,UNIVERSIDAD EXTERNADO DE COLOMBIA,UNIVERSIDAD NACIONAL DE COLOMBIA
1372410,2019,BIOTECNOLOGIA ALIMENTARIA,UNIVERSIDADE ESTADUAL PAULISTA JULIO DE MESQUITA FILHO
1373731,2019,COLEGIO MAYOR NUESTRA SENORA DEL ROSARIO,UNIVERSIDAD LA GRAN COLOMBIA
1373841,2019,FUNDACION UNIVERSIDAD DEL NORTE,UNIVERSIDAD NACIONAL DE COLOMBIA
1373868,2019,FUNDACION UNIVERSITARIA AGRARIA DE COLOMBIA,UNIVERSIDAD NACIONAL DE COLOMBIA
1375498,2019,UNIVERSIDAD ANTONIO NARINO,UNIVERSIDAD LA GRAN COLOMBIA
1375549,2019,ASESORES CONSULTORES E INTERVENTORES MACIAS SAS,UNIVERSIDAD DE CUNDINAMARCA
1376475,2019,POLITECNICO COLOMBIANO JAIME ISAZA CADAVID,UNIVERSIDAD NACIONAL DE COLOMBIA
1376566,2019,CENTRO DE DESARROLLO TECNOLOGICO DE ASISTENCIA TECNICA A LA INDUSTRIA SENA ASTIN,SERVICIO NACIONAL DE APRENDIZAJE SENA
1376654,2019,UNIVERSIDAD ECCI,UNIVERSIDAD NACIONAL DE COLOMBIA
1378111,2019,CENTRO DE INVESTIGACIONES DEL BANANO CENIBANANO,UNIVERSIDAD CES
1381550,2019,UNIVERSIDAD AUTONOMA DE BUCARAMANGA,UNIVERSIDAD SANTO TOMAS
1381902,2019,PONTIFICIA UNIVERSIDAD JAVERIANA,UNIVERSIDAD DE LOS ANDES
1382836,2019,GRUPO DE INVESTIGACION EN PRODUCTOS NATURALES Y BIOQUIMICA DE MACROMOLECULA,UNIVERSIDAD SIMON BOLIVAR
1385293,2019,UNIVERSIDAD DE CARTAGENA,UNIVERSIDAD DEL SINU ELIAS BECHARA ZAINUM
1385680,2019,GESATH OUTSOURCING SAS,INSTITUTO NACIONAL DE SALUD
1386156,2019,UNIVERSIDAD DEL QUINDIO,UNIVERSIDAD TECNOLOGICA DE PEREIRA
1387386,2019,CORPORACION UNIVERSIDAD DE LA COSTA,QUADRANTI INGENIERIA SAS
1388799,2019,FUNDACION UNIVERSITARIA DE POPAYAN,UNIVERSIDAD DE SANTANDER
1390520,2019,ESCUELA DE MICROBIOLOGIA UDEA,FUNDACION HOSPITALARIA SAN VICENTE DE PAUL
1391974,2019,UNIVERSIDAD DE LA GUAJIRA,UNIVERSIDAD DEL ATLANTICO
1392265,2019,UNIVERSIDAD ANTONIO NARINO,UNIVERSIDAD EXTERNADO DE COLOMBIA
1395730,2019,INSTITUCION UNIVERSITARIA COLOMBO AMERICANA,SHANGHAI UNITED INTERNATIONAL SCHOOL WANYUAN
1397481,2019,FUNDACION UNIVERSIDAD DEL NORTE,UNIVERSIDAD LIBRE DE COLOMBIA
1399086,2019,LYCEE HAUTE FOLLIS,UNIVERSIDAD DE LA LAGUNA
1399533,2019,CORPORACION UNIVERSITARIA DEL HUILA,FUNDACION UNIVERSITARIA NAVARRA UNINAVARRA
1399689,2019,FUNDACION UNIVERSITARIA AGRARIA DE COLOMBIA,UNIVERSITY OF PITTSBURGH
1401954,2019,GOBERNACION DE LA GUAJIRA,UNIVERSIDAD DE LA GUAJIRA
1403792,2019,COLEGIO COLOMBIANO DE EDUCADORES FISICOS Y PROFESIONES AFINES,UNIVERSIDAD SANTO TOMAS
1404153,2019,UNIVERSIDAD COOPERATIVA DE COLOMBIA,UNIVERSIDAD DEL MAGDALENA
1405663,2019,FUNDACION VALLE DEL LILI,UNIVERSIDAD INDUSTRIAL DE SANTANDER
1406358,2019,UNIVERSIDAD DE CARTAGENA,UNIVERSITARIA AGUSTINIANA
1406877,2019,UNIVERSIDAD DE ANTIOQUIA,UNIVERSIDAD NACIONAL DE COLOMBIA
1412626,2019,R R INVESTIGACIONES Y CONSULTORIA LIMITADA,UNIVERSIDAD AUTONOMA DE COLOMBIA
1414526,2019,UNIVERSIDAD CATOLICA DE MANIZALES,UNIVERSIDAD SANTO TOMAS
1418031,2019,CORPORACION UNIVERSITARIA AUTONOMA DE NARINO,UNIVERSIDAD SANTO TOMAS
1418310,2019,FUNDACION DE ESTUDIOS SUPERIORES COMFANORTE,UNIVERSIDAD SANTO TOMAS
1418756,2019,ESCUELA SUPERIOR DE GUERRA,UNIVERSIDAD DE CIENCIAS APLICADAS Y AMBIENTALES U D C A
1420724,2019,ECOLE POLYTECHNIQUE FEDERALE DE LAUSANNE,UNIVERSIDAD DEL VALLE
1422204,2019,FUNDACION UNIVERSIDAD DE AMERICA,UNIVERSIDAD INDUSTRIAL DE SANTANDER
1423295,2019,UNIVERSIDAD DE ANTIOQUIA,UNIVERSIDAD DE SAN BUENAVENTURA
1425743,2019,SERVICIO NACIONAL DE APRENDIZAJE SENA,UNIVERSIDAD EAN
1426804,2019,UNIVERSIDAD INDUSTRIAL DE SANTANDER,UNIVERSIDAD NACIONAL DE COLOMBIA
1426960,2019,UNIVERSIDAD NACIONAL DE COLOMBIA,XM COMPANIA DE EXPERTOS EN MERCADOS S A E S P
1429572,2019,MURDOCH CHILDRENS RESEARCH INSTITUTE,UNIVERSITE LAVAL
1429730,2019,PONTIFICIA UNIVERSIDAD JAVERIANA,UNIVERSIDAD ICESI
1434184,2019,INSTITUTO TECNOLOGICO METROPOLITANO DE MEDELLIN,POLITECNICO COLOMBIANO JAIME ISAZA CADAVID
1435094,2019,FUNDACION UNIVERSITARIA DEL AREA ANDINA,UNIVERSIDAD DE MEDELLIN
1435830,2019,COLEGIO SANTOS APOSTOLES,CORPORACION COLOMBIANA DEL SABER CIENTIFICO SCIO
1436017,2019,UNIVERSIDAD DE CASTILLA LA MANCHA,UNIVERSIDAD TECNOLOGICA DEL CHOCO DIEGO LUIS CORDOBA
1439137,2019,UNIVERSIDAD DE LA GUAJIRA,UNIVERSIDAD DE LA GUAJIRA UNIGUAJIRA
1442181,2019,UNIVERSIDAD EL BOSQUE,UNIVERSIDAD SANTO TOMAS
1444376,2019,FUNDACION UNIVERSITARIA DE CIENCIAS DE LA SALUD FUCS,SOCIEDAD DE CIRUGIA DE BOGOTA HOSPITAL DE SAN JOSE
1447119,2019,INGENIERA STRYCON LTDA,UNIVERSIDAD AUTONOMA DEL CARIBE
1447493,2019,COLEGIO MAYOR NUESTRA SENORA DEL ROSARIO,UNIVERSIDAD DEL ROSARIO
1454662,2019,S S TECNOLOGIA Y SERVICIO,UNIVERSIDAD DE LA SABANA
1455461,2019,UNIVERSIDAD DE LOS ANDES,UNIVERSIDAD DE SAN BUENAVENTURA
1456174,2019,CORPORACION UNIVERSITARIA DEL HUILA,UNIVERSIDAD SURCOLOMBIANA
1458034,2019,UNIVERSIDAD DEL MAGDALENA,UNIVERSIDAD SERGIO ARBOLEDA
1458377,2019,COLEGIO MAYOR NUESTRA SENORA DEL ROSARIO,FUNDACION UNIVERSITARIA CERVANTES SAN AGUSTIN
1464317,2019,UNIVERSIDAD DE CARTAGENA,UNIVERSIDAD DEL NORTE
1466552,2019,UNIVERSIDAD DEL QUINDIO,UNIVERSIDAD NACIONAL AUTONOMA DE MEXICO
1467786,2019,UNIVERSIDAD EXTERNADO DE COLOMBIA,UNIVERSIDAD PEDAGOGICA NACIONAL
1471482,2019,INGENIO MANUELITA,UNIVERSIDAD DEL VALLE
1473749,2019,UNIVERSIDAD NACIONAL DE COLOMBIA,UNIVERSIDADE ESTADUAL DE CAMPINAS
1474086,2019,CORPORACION UNIVERSITARIA EMPRESARIAL ALEXANDER VON HUMBOLDT,UNIVERSIDAD DEL QUINDIO
1474779,2019,FUNDACION CATOLICA LUMEN GENTIUM,UNIVERSIDAD DEL VALLE
1476544,2019,UNIVERSIDAD CATOLICA DE ORIENTE,UNIVERSIDAD NACIONAL DE COLOMBIA
1476556,2019,INSTITUTO UNIVERSITARIO DE LA PAZ INUPAZ,UNIDADES TECNOLOGICAS DE SANTANDER
1478091,2019,UNIVERSIDAD NACIONAL DE COLOMBIA,UNIVERSIDAD PONTIFICIA BOLIVARIANA
1478888,2019,INSTITUCION EDUCATIVA DISTRITAL SIMON RODRIGUEZ,UNIVERSIDAD DEL MAGDALENA
1479048,2019,TEAM FOODS COLOMBIA S A ACEITES Y GRASAS VEGETALES S A,UNIVERSIDAD DE LA SABANA
1479088,2019,ESCUELA COLOMBIANA DE INGENIERIA JULIO GARAVITO,UNIVERSIDAD NACIONAL DE COLOMBIA
1479654,2019,FUNDACION UNIVERSITARIA AGRARIA DE COLOMBIA,UNIVERSIDAD DE LA SALLE
1482196,2019,CENTRO DE INVESTIGACION INNOVACION Y DESARROLLO,FUNDACION CIENTIFICA SIETE
1491804,2019,FUERZA AEREA COLOMBIANA,MINISTERIO DE DEFENSA NACIONAL MINDEFENSA
1491929,2019,ARMADA NACIONAL DE COLOMBIA BOGOTA,ESCUELA NAVAL DE CADETES ALMIRANTE PADILLA
1499347,2019,INSTITUTO DE INVESTIGACION DE RECURSOS BIOLOGICOS ALEXANDER VON HUMBOLDT,UNIVERSIDAD DEL MAGDALENA
1499639,2019,CORPORACION UNIVERSITARIA DEL CARIBE CECAR,UNIVERSIDAD DE ORIENTE
1501472,2019,INDEPENDIENTE,UNIVERSIDAD DE LA SABANA
1504805,2019,INSTITUTO GEOGRAFICO AGUSTIN CODAZZI,UNIVERSIDAD NACIONAL DE COLOMBIA
1505192,2019,CORLANC S A S,SUMICOL SAS
1505347,2019,BIOGEOECO,UNIVERSIDAD DE LOS ANDES
1507104,2019,CORPORACION UNIFICADA DE EDUCACION SUPERIOR CUN,CORPORACION UNIFICADA NACIONAL DE EDUCACION SUPERIOR
1507472,2019,UNIDADES TECNOLOGICAS DE SANTANDER,UNIVERSIDAD AUTONOMA DE BUCARAMANGA
1507788,2019,ESCUELA NACIONAL DE POLICIA GENERAL SANTANDER,FISCALIA GENERAL DE LA NACION
1511865,2019,PONTIFICIA UNIVERSIDAD JAVERIANA,UNIVERSIDAD NACIONAL DE COLOMBIA
1512388,2019,CORPORACION UNIVERSITARIA AMERICANA,CORPORACION UNIVERSITARIA EMPRESARIAL DE SALAMANCA
1523003,2019,FUNDACION UNIVERSITARIA AUTONOMA DE LAS AMERICAS,INSTITUCION UNIVERSITARIA COLEGIO MAYOR DE ANTIOQUIA
1526584,2019,UNIVERSIDAD DISTRITAL FRANCISCO JOSE DE CALDAS,UNIVERSIDAD PEDAGOGICA NACIONAL DE COLOMBIA
1530017,2019,UNIVERSIDAD EAFIT,UNIVERSIDAD PONTIFICIA BOLIVARIANA
1531034,2019,CORPORACION UNIVERSITARIA DE LA COSTA,INSTITUCION EDUCATIVA TECNICA INDUSTRIAL DE SOLEDAD MARIA AUXILIADORA
1532902,2019,SERVICIO GEOLOGICO COLOMBIANO,UNIVERSIDAD DE LA SALLE
1535480,2019,ARCHIVES DEPARTEMENTALES DE LA MANCHE,CENTRE DE RECHERCHE HICSA HISTOIRE CULTURELLE ET SOCIALE DES ARTS EA 4100 UNIVERSITE PARIS 1 PANTHEONSORBONNE
1535937,2019,UNIVERSIDAD PONTIFICIA BOLIVARIANA,VENTURA FONTAN FONTAN Y CIA S C S
1539392,2019,FUNDACION UNIVERSITARIA DE CIENCIAS DE LA SALUD FUCS,UNIVERSIDAD EL BOSQUE
1540767,2019,LABORATORIO CLINICO SANTA LUCIA,UNIVERSIDAD DE CARTAGENA
1540826,2019,GENIUS SPORTS SERVICES COLOMBIA SAS,UNIVERSIDAD SERGIO ARBOLEDA
1541837,2019,DIRECCION NACIONAL DE ESCUELAS POLICIA NACIONAL DE COLOMBIA,POLICIA NACIONAL DE COLOMBIA
1546527,2019,FUNDACION UNIVERSITARIA KONRAD LORENZ,UNIVERSIDAD DEL ROSARIO
1550312,2019,ESCUELA SUPERIOR DE ADMINISTRACION PUBLICA ESAP,UNIVERSIDAD CATOLICA DE MANIZALES
1551004,2019,UNIVERSIDAD DE MEDELLIN,UNIVERSIDAD EAFIT
1552153,2019,FUNDACION UNIVERSITARIA DE CIENCIAS DE LA SALUD FUCS,HOSPITAL INFANTIL NAPOLEON FRANCO PAREJA
1554296,2019,UNIVERSIDAD DE SAN BUENAVENTURA,UNIVERSIDAD SERGIO ARBOLEDA
1559226,2019,CORPORACION UNIVERSIDAD DE LA COSTA,UNIVERSIDAD LIBRE DE COLOMBIA
1563549,2019,CORPORACION UNIVERSIDAD DE LA COSTA,UNIVERSIDAD DEL VALLE
1563870,2019,INSTITUTO UNIVERSITARIO DE LA PAZ INUPAZ,UNIVERSIDAD SANTO TOMAS
1567751,2019,INSTITUTO AMAZONICO DE INVESTIGACIONES CIENTIFICAS SINCHI,UNIVERSIDAD AUTONOMA DE COLOMBIA
1570820,2019,FUNDACION UNIVERSITARIA DEL AREA ANDINA,UNIVERSIDAD NACIONAL ABIERTA Y A DISTANCIA
1577922,2019,MCGILL UNIVERSITY,UNIVERSITE DE MONTREAL
1581170,2019,CENTRO INCA,CORPORACION UNIVERSITARIA AMERICANA
1581405,2019,UNIVERSIDAD DE CUNDINAMARCA,UNIVERSIDAD SANTO TOMAS
1582011,2019,ALEPH INGENIEROS CONSULTORES,INTEGRAL S A INGENIERIA TECNICA GENERAL S A INGENIEROS CONSULTORES
1600407,2019,INSTITUTO DE INVESTIGACION DE RECURSOS BIOLOGICOS ALEXANDER VON HUMBOLDT,UNIVERSIDAD EAFIT
1600554,2019,FUNDACION UNIVERSITARIA CERVANTES SAN AGUSTIN,UNIVERSIDAD SERGIO ARBOLEDA
1600979,2019,CORPORACION UNIVERSITARIA DEL CARIBE CECAR,UNIVERSIDAD DEL VALLE
1601933,2019,CENTRO MEDICO IMBANACO DE CALI SA,HOSPITAL UNIVERSITARIO DEL VALLE EVARISTO GARCIA E S E
1602069,2019,CORPORACION UNIVERSITARIA AMERICANA,UNIVERSIDAD DE ANTIOQUIA
1602438,2019,UNIVERSIDAD DE ORIENTE,UNIVERSIDAD NACIONAL DE COLOMBIA
1605747,2019,ASTORGA,HELPHARMA IPS
1610622,2019,HOSPITAL UNIVERSITARIO SAN IGNACIO,SEMILLERO DE NEUROCIENCIAS Y ENVEJECIMIENTO DE LA PUJ BOGOTA
1612334,2019,CAJA DE COMPENSACION FAMILIAR COMFENALCO VALLE,FUNDACION PARA LA PREVENCION DE LA DISCAPACIDAD FUNDIS
1620166,2019,FUNDACION DE ESTUDIOS SUPERIORES COMFANORTE,UNIVERSIDAD FRANCISCO DE PAULA SANTANDER
1626932,2019,IEBS BUSSINESS SCHOOL,UNIVERSIDAD DE LA SABANA
1630270,2019,AUTOMOTRIZ TRANSMAR DE CORTES S A DE C V,EMPRESAS UPAEP
1630851,2019,INSTITUTO TECNOLOGICO METROPOLITANO DE MEDELLIN,UNIVERSIDAD NACIONAL DE COLOMBIA
1632473,2019,LABORATORIO CLINICO CLINICA GENERAL DEL NORTE,UNIVERSIDAD DE SAN BUENAVENTURA
1634179,2019,UNIVERSIDAD DE LA SABANA,UNIVERSIDAD DE LOS ANDES
1635372,2019,FUNDACION UNIVERSITARIA SAN MATEO EDUCACION SUPERIOR,UNIVERSIDAD NACIONAL ABIERTA Y A DISTANCIA
1637779,2019,UNIVERSIDAD AUTONOMA LATINOAMERICANA UNAULA,UNIVERSIDAD COOPERATIVA DE COLOMBIA
1638143,2019,POLYAROMAS SAS,ROBERTET ANDINA
1697154,2019,UNIVERSIDAD DISTRITAL FRANCISCO JOSE DE CALDAS,UNIVERSIDAD LIBRE DE COLOMBIA
