nombre_canonico,sigla,naturaleza,sedes_registradas,departamentos,apariciones_totales,variantes_inst_filia
Universidad Nacional de Colombia,UNAL,publica,5,Amazonas | Antioquia | Bogotá D.C. | Caldas | Valle del Cauca,5744,6
Universidad de Antioquia,UdeA,publica,1,Antioquia,3669,1
Pontificia Universidad Javeriana,PUJ,privada,2,Bogotá D.C. | Valle del Cauca,2975,3
Universidad de los Andes,Uniandes,privada,1,Bogotá D.C.,2071,1
Universidad del Valle,Univalle,publica,1,Valle del Cauca,2002,2
Universidad Pontificia Bolivariana,UPB,privada,4,Antioquia | Córdoba | Santander | Valle del Cauca,1579,5
Universidad Industrial de Santander,UIS,publica,1,Santander,1429,1
Universidad del Rosario,URosario,privada,1,Bogotá D.C.,1190,2
Universidad Pedagógica y Tecnológica de Colombia,UPTC,publica,1,Boyacá,1144,5
Universidad del Norte,Uninorte,privada,1,Atlántico,1098,2
Universidad Santo Tomás,USTA,privada,4,Bogotá D.C. | Boyacá | Meta | Santander,1093,5
Universidad Distrital Francisco José de Caldas,UDFJC,publica,1,Bogotá D.C.,968,1
Universidad Simón Bolívar,Unisimón,privada,2,Atlántico | Norte de Santander,926,4
Universidad EAFIT,EAFIT,privada,1,Antioquia,879,1
Universidad de San Buenaventura,USB,privada,4,Antioquia | Bogotá D.C. | Bolívar | Valle del Cauca,873,5
Universidad de Cartagena,Unicartagena,publica,1,Bolívar,804,1
Universidad Tecnológica de Pereira,UTP,publica,1,Risaralda,802,1
Universidad de La Sabana,Unisabana,privada,1,Cundinamarca,777,1
Universidad de Caldas,Ucaldas,publica,1,Caldas,761,1
Universidad El Bosque,UElBosque,privada,1,Bogotá D.C.,746,2
Universidad Externado de Colombia,Externado,privada,1,Bogotá D.C.,712,1
Universidad Militar Nueva Granada,UMNG,publica,1,Bogotá D.C.,686,1
Universidad del Atlántico,Uniatlántico,publica,1,Atlántico,678,1
Universidad de La Salle,ULaSalle,privada,1,Bogotá D.C.,663,1
Universidad del Cauca,Unicauca,publica,1,Cauca,661,1
Corporación Colombiana de Investigación Agropecuaria,Agrosavia,mixta,1,Cundinamarca,631,1
Universidad de la Costa,CUC,privada,1,Atlántico,597,1
Universidad del Tolima,UTolima,publica,1,Tolima,572,1
Universidad de Córdoba,Unicórdoba,publica,1,Córdoba,554,1
Universidad de Medellín,UdeM,privada,1,Antioquia,553,1
Universidad Cooperativa de Colombia,UCC,privada,1,Antioquia,546,1
Universidad del Magdalena,Unimagdalena,publica,1,Magdalena,526,1
Universidad del Quindío,Uniquindío,publica,1,Quindío,526,1
Universidad Libre,Unilibre,privada,1,Bogotá D.C.,520,1
Universidad Pedagógica Nacional,UPN,publica,1,Bogotá D.C.,517,1
Universidad Francisco de Paula Santander,UFPS,publica,1,Norte de Santander,506,2
Universidad Antonio Nariño,UAN,privada,2,Bogotá D.C. | Boyacá,505,3
Universidad de Pamplona,Unipamplona,publica,1,Norte de Santander,503,1
Universidad de Bogotá Jorge Tadeo Lozano,UTadeo,privada,2,Bogotá D.C. | Magdalena,476,2
Universidad ICESI,ICESI,privada,1,Valle del Cauca,463,1
Universidad CES,CES,privada,1,Antioquia,457,2
Universidad de Nariño,Udenar,publica,1,Nariño,451,1
Instituto Tecnológico Metropolitano,ITM,publica,1,Antioquia,450,2
Universidad Santiago de Cali,USC,privada,1,Valle del Cauca,423,1
Universidad de La Guajira,Uniguajira,publica,1,La Guajira,416,1
Universidad Autónoma de Bucaramanga,UNAB,privada,1,Santander,414,1
Universidad Nacional Abierta y a Distancia,UNAD,publica,1,Bogotá D.C.,388,1
Universidad Sergio Arboleda,USA,privada,2,Bogotá D.C. | Magdalena,382,2
Corporación Universitaria Minuto de Dios,UNIMINUTO,privada,1,Bogotá D.C.,379,1
Universidad Autónoma de Occidente,UAO,privada,1,Valle del Cauca,365,1
Universidad Católica de Colombia,UCatólica,privada,1,Bogotá D.C.,336,1
Universidad Surcolombiana,USCO,publica,1,Huila,336,1
Universidad Autónoma del Caribe,Uniautónoma,privada,1,Atlántico,309,1
Servicio Nacional de Aprendizaje,SENA,publica,3,Atlántico | Bogotá D.C. | Valle del Cauca,278,3
Universidad Católica Luis Amigó,UCatólicaLA,privada,1,Antioquia,272,1
Instituto Nacional de Salud,INS,publica,1,Bogotá D.C.,261,1
Universidad de Sucre,Unisucre,publica,1,Sucre,259,1
Corporación Universitaria Americana,Americana,privada,1,Atlántico,254,1
Universidad Autónoma de Manizales,Autónoma,privada,1,Caldas,254,1
Universidad de Santander,UDES,privada,1,Santander,252,2
Universidad Manuela Beltrán,UMB,privada,2,Bogotá D.C. | Santander,250,2
Universidad de Manizales,Umanizales,privada,1,Caldas,237,1
Universidad del Sinú,Unisinú,privada,2,Bolívar | Córdoba,231,2
Fundación Universitaria de Ciencias de la Salud,FUCS,privada,1,Bogotá D.C.,221,1
Universidad de los Llanos,Unillanos,publica,1,Meta,218,1
Universidad EAN,EAN,privada,1,Bogotá D.C.,216,1
Universidad de la Amazonia,Uniamazonia,publica,1,Caquetá,208,1
Universidad Popular del Cesar,UPC,publica,1,Cesar,201,1
Universidad de Boyacá,Uniboyacá,privada,1,Boyacá,199,1
Universidad Tecnológica de Bolívar,UTB,privada,1,Bolívar,198,1
Universidad Mariana,Unimar,privada,1,Nariño,197,2
Politécnico Colombiano Jaime Isaza Cadavid,PCJIC,publica,1,Antioquia,196,1
Unidades Tecnológicas de Santander,UTS,publica,1,Santander,195,1
Corporación Universitaria del Caribe,CECAR,privada,1,Sucre,192,1
Universidad de Ciencias Aplicadas y Ambientales,UDCA,privada,1,Bogotá D.C.,179,1
Fundación Universitaria del Área Andina,Areandina,privada,1,Bogotá D.C.,177,1
Universidad Central,UCentral,privada,1,Bogotá D.C.,173,1
Universidad La Gran Colombia,UGC,privada,2,Bogotá D.C. | Quindío,169,3
Fundación Santa Fe de Bogotá,FSFB,privada,1,Bogotá D.C.,168,1
Tecnológico de Antioquia,TdeA,publica,1,Antioquia,166,1
Corporación Universitaria Lasallista,Lasallista,privada,1,Antioquia,165,1
Universidad EIA,EIA,privada,1,Antioquia,148,1
Instituto Humboldt,Humboldt,publica,1,Bogotá D.C.,147,1
Fundación Universitaria Los Libertadores,Libertadores,privada,1,Bogotá D.C.,146,1
Universidad Piloto de Colombia,Unipiloto,privada,1,Bogotá D.C.,146,1
Fundación Universitaria Konrad Lorenz,Konrad,privada,1,Bogotá D.C.,145,1
Universidad de Ibagué,Unibagué,privada,1,Tolima,144,1
Universidad Católica de Oriente,UCO,privada,1,Antioquia,144,1
Instituto Nacional de Cancerología,INC,publica,1,Bogotá D.C.,143,1
Universidad Católica de Pereira,UCP,privada,1,Risaralda,142,1
Universidad Católica de Manizales,UCM,privada,1,Caldas,139,1
Universidad Colegio Mayor de Cundinamarca,UCMC,publica,1,Bogotá D.C.,133,1
Instituto INVEMAR,INVEMAR,publica,1,Magdalena,133,1
Escuela Colombiana de Ingeniería Julio Garavito,ECI,privada,1,Bogotá D.C.,132,1
Fundación Cardioinfantil,FCI,privada,1,Bogotá D.C.,128,1
Institución Universitaria Pascual Bravo,IUPB,publica,1,Antioquia,127,1
Fundación Universitaria Tecnológico Comfenalco,Comfenalco,privada,1,Bolívar,127,1
Universidad de Cundinamarca,Ucundinamarca,publica,1,Cundinamarca,126,1
Universidad Autónoma de Colombia,FUAC,privada,1,Bogotá D.C.,126,1
Politécnico Grancolombiano,Poli,privada,1,Bogotá D.C.,123,1
Corporación Universitaria Remington,Remington,privada,1,Antioquia,122,1
Centro Nacional de Investigaciones de Café,Cenicafé,mixta,1,Caldas,122,2
Hospital Universitario San Ignacio,HUSI,privada,1,Bogotá D.C.,120,1
Institución Universitaria ITSA,ITSA,publica,1,Atlántico,119,1
Universidad ECCI,ECCI,privada,1,Bogotá D.C.,119,1
Corporación Universitaria Rafael Núñez,Curn,privada,1,Bolívar,118,1
Universidad Metropolitana,Unimetro,privada,1,Atlántico,117,1
Fundación Valle del Lili,FVL,privada,1,Valle del Cauca,117,1
Universidad Autónoma Latinoamericana,UNAULA,privada,1,Antioquia,115,1
Instituto Amazónico de Investigaciones Científicas SINCHI,SINCHI,publica,1,Amazonas,106,1
Fundación Universitaria Juan de Castellanos,JDC,privada,1,Boyacá,100,1
Fundación Cardiovascular de Colombia,FCV,privada,1,Santander,100,1
Universidad Tecnológica del Chocó,UTCH,publica,1,Chocó,94,1
Universidad CESMAG,CESMAG,privada,1,Nariño,92,1
Universidad de Investigación y Desarrollo,UDI,privada,1,Santander,89,1
Hospital Pablo Tobón Uribe,HPTU,privada,1,Antioquia,85,1
Servicio Geológico Colombiano,SGC,publica,1,Bogotá D.C.,83,1
Fundación Universitaria Agraria de Colombia,UNIAGRARIA,privada,1,Bogotá D.C.,79,1
Corporación para Investigaciones Biológicas,CIB,privada,1,Antioquia,75,1
Escuela Superior de Administración Pública,ESAP,publica,1,Bogotá D.C.,75,2
Fundación Universidad de América,UAmérica,privada,1,Bogotá D.C.,71,1
Ministerio de Educación Nacional,MEN,publica,1,Bogotá D.C.,71,1
Hospital Militar Central,HMC,publica,1,Bogotá D.C.,71,1
Corporación Universitaria Republicana,URepublicana,privada,1,Bogotá D.C.,69,1
Fundación Universitaria María Cano,FUMC,privada,1,Antioquia,69,1
Institución Universitaria de Envigado,IUE,publica,1,Antioquia,69,1
Centro Internacional de Agricultura Tropical,CIAT,mixta,1,Valle del Cauca,67,1
Escuela Nacional del Deporte,END,publica,1,Valle del Cauca,65,1
Centro de Investigación en Palma de Aceite,Cenipalma,mixta,1,Bogotá D.C.,64,1
Universitaria Agustiniana,Uniagustiniana,privada,1,Bogotá D.C.,64,1
Instituto Universitario de La Paz,UNIPAZ,publica,1,Santander,61,1
"Ministerio de Ciencia, Tecnología e Innovación",MinCiencias,publica,1,Bogotá D.C.,60,1
Dirección Nacional de Escuelas - Policía Nacional,DINAE,publica,1,Bogotá D.C.,58,1
Colegio Mayor de Antioquia,Colmayor,publica,1,Antioquia,58,1
Instituto Colombiano del Petróleo - Ecopetrol,ICP,mixta,1,Santander,56,1
Corporación Unificada de Educación Superior,CUN,privada,1,Bogotá D.C.,54,1
Centro Internacional de Entrenamiento e Investigaciones Médicas,CIDEIM,privada,1,Valle del Cauca,52,1
Fundación Universitaria San Martín,FUSM,privada,1,Bogotá D.C.,52,1
Centro Internacional de Educación y Desarrollo Humano,CINDE,privada,1,Caldas,51,1
Escuela Naval de Cadetes Almirante Padilla,ENAP,publica,1,Bolívar,51,1
Fundación Universitaria Sanitas,Sanitas,privada,1,Bogotá D.C.,50,1
Fundación Instituto de Inmunología de Colombia,FIDIC,privada,1,Bogotá D.C.,49,1
Corporación Universitaria Adventista,UNAC,privada,1,Antioquia,49,1
Unidad Central del Valle del Cauca,UCEVA,publica,1,Valle del Cauca,48,1
Fundación Universitaria Autónoma de las Américas,Americas,privada,1,Antioquia,48,1
Centro de Investigación de la Caña de Azúcar,Cenicaña,mixta,1,Valle del Cauca,47,1
Colegio de Estudios Superiores de Administración,CESA,privada,1,Bogotá D.C.,47,1
Hospital San Vicente Fundación,HSVF,privada,1,Antioquia,46,1
Instituto Caro y Cuervo,ICC,publica,1,Bogotá D.C.,45,1
Institución Universitaria Antonio José Camacho,UNIAJC,publica,1,Valle del Cauca,45,1
Fundación Universitaria de San Gil,Unisangil,privada,1,Santander,44,1
Institución Universitaria Esumer,Esumer,privada,1,Antioquia,44,1
Fundación Universitaria de Popayán,FUP,privada,1,Cauca,44,1
Consejo Superior de Investigaciones Científicas (España),CSIC,publica,1,EXTRANJERO,44,1
Fundación Universitaria Juan N. Corpas,Corpas,privada,1,Bogotá D.C.,42,1
Universidad de São Paulo (Brasil),USP,publica,1,EXTRANJERO,42,1
Institución Universitaria Colegios de Colombia,UNICOC,privada,1,Bogotá D.C.,41,1
Corporación Universitaria Latinoamericana,CUL,privada,1,Atlántico,41,1
Corporación Universitaria Autónoma del Cauca,Uniautónoma-Cauca,privada,1,Cauca,41,1
Secretaría Distrital de Salud de Bogotá,SDS,publica,1,Bogotá D.C.,37,1
Fundación Neumológica Colombiana,FNC,privada,1,Bogotá D.C.,36,1
Sumicol S.A.S.,Sumicol,privada,1,Antioquia,36,1
Fundación Universitaria San Mateo,San Mateo,privada,1,Bogotá D.C.,36,1
Fundación Universitaria Colombo Internacional,Unicolombo,privada,1,Bolívar,35,1
Corporación Universitaria del Meta,UNIMETA,privada,1,Meta,34,1
Fundación Universitaria CEIPA,CEIPA,privada,1,Antioquia,34,1
Corporación para la Investigación de la Corrosión,CIC,mixta,1,Santander,33,1
Fundación Oftalmológica de Santander,FOSCAL,privada,1,Santander,32,1
Instituto de Capacitación e Investigación del Plástico y del Caucho,ICIPC,privada,1,Antioquia,32,1
Escuela Superior de Guerra,ESDEG,publica,1,Bogotá D.C.,31,1
Politécnico de la Costa Atlántica,PCA,privada,1,Atlántico,31,1
Instituto Colombiano de Antropología e Historia,ICANH,publica,1,Bogotá D.C.,31,1
Fundación Universidad INCCA de Colombia,INCCA,privada,1,Bogotá D.C.,30,1
Corporación Universitaria Santa Rosa de Cabal,UNISARC,privada,1,Risaralda,30,1
Corporación Universitaria del Huila,Corhuila,privada,1,Huila,30,1
Instituto Nacional de Metrología,INM,publica,1,Bogotá D.C.,29,1
Instituto Neurológico de Colombia,INDEC,privada,1,Antioquia,29,1
Centro para la Investigación en Sistemas Sostenibles de Producción Agropecuaria,CIPAV,mixta,1,Valle del Cauca,29,1
Corporación Universitaria Comfacauca,Unicomfacauca,privada,1,Cauca,28,1
Centro Dermatológico Federico Lleras Acosta,CDFLLA,publica,1,Bogotá D.C.,27,1
Fundación Universitaria Navarra,UNINAVARRA,privada,1,Huila,26,1
Centro Médico Imbanaco,Imbanaco,privada,1,Valle del Cauca,26,1
Compañía Nacional de Levaduras Levapan,Levapan,privada,1,Valle del Cauca,25,1
Corporación Universitaria de Sabaneta,UNISABANETA,privada,1,Antioquia,25,1
Fundación Erigaie,Erigaie,privada,1,Bogotá D.C.,25,1
Fundación Tecnológica Antonio de Arévalo,Tecnar,privada,1,Bolívar,24,1
Corporación Vidarium,Vidarium,privada,1,Antioquia,24,1
Fundación Clínica Shaio,Shaio,privada,1,Bogotá D.C.,24,1
Fundación Católica Lumen Gentium,FUCLG,privada,1,Valle del Cauca,24,1
Hospital Universitario de la Samaritana,HUS,publica,1,Bogotá D.C.,24,1
Hospital de San José - Sociedad de Cirugía de Bogotá,HSJ,privada,1,Bogotá D.C.,24,1
Corporación Universitaria Centro Superior,UNICUCES,privada,1,Valle del Cauca,23,1
Jardín Botánico de Bogotá José Celestino Mutis,JBB,publica,1,Bogotá D.C.,23,1
Industria de Alimentos Zenú,Zenú,privada,1,Antioquia,23,1
Corporación Universitaria Empresarial Alexander von Humboldt,CUE,privada,1,Quindío,23,1
Universidad del Pacífico,Unipacífico,publica,1,Valle del Cauca,22,1
Corporación Universitaria Iberoamericana,Iberoamericana,privada,1,Bogotá D.C.,22,1
Corporación CorpoGen,Corpogen,privada,1,Bogotá D.C.,22,1
Universidad Estadual Paulista (Brasil),UNESP,publica,1,EXTRANJERO,22,1
"Corporación Universitaria de Ciencias Empresariales, Educación y Salud",CORSALUD,privada,1,Atlántico,22,1
Corporación Universitaria de Ciencia y Desarrollo,UNICIENCIA,privada,1,Santander,21,1
Fundación Hospital de la Misericordia,HOMI,privada,1,Bogotá D.C.,21,1
Fundación Universitaria Compensar,UCompensar,privada,1,Bogotá D.C.,21,1
Institución Universitaria Salazar y Herrera,IUSH,privada,1,Antioquia,21,1
Instituto Geográfico Agustín Codazzi,IGAC,publica,1,Bogotá D.C.,21,1
Instituto de Alta Tecnología Médica de Antioquia,IATM,privada,1,Antioquia,21,1
Corporación Universitaria Reformada,UNIREFORMADA,privada,1,Atlántico,20,1
Corporación de Lucha contra el Sida,CLS,privada,1,Valle del Cauca,20,1
Instituto Nacional de Medicina Legal y Ciencias Forenses,INMLCF,publica,1,Bogotá D.C.,19,1
Anhídridos y Derivados de Colombia,Andercol,privada,1,Antioquia,19,1
Alpina Productos Alimenticios,Alpina,privada,1,Cundinamarca,19,1
